ParkName,Year,RecreationVisits,VisitorSpending,JobsSupported,LaborIncome,ValueAdded,EconomicOutput
Abraham Lincoln Birthplace NHP,2017,269580.0,15412800.0,242.0,6965100.0,11847700.0,20885000.0
Abraham Lincoln Birthplace NHP,2018,260964.0,15411000.0,229.0,6896000.0,12031000.0,20784000.0
Abraham Lincoln Birthplace NHP,2019,238225.0,14169000.0,210.0,6351000.0,11082000.0,19136000.0
Abraham Lincoln Birthplace NHP,2020,228140.0,13669000.0,202.0,6138000.0,10709000.0,18484000.0
Abraham Lincoln Birthplace NHP,2021,251188.0,16352000.0,250.0,8167000.0,12782000.0,23813000.0
Abraham Lincoln Birthplace NHP,2022,265707.0,17545000.0,266.0,8749000.0,13694000.0,25544000.0
Abraham Lincoln Birthplace NHP,2023,239950.0,16070000.0,242.0,8000000.0,12523000.0,23391000.0
Abraham Lincoln Birthplace NHP,2024,249166.0,17534000.0,195.0,7968000.0,14052000.0,24349000.0
Acadia NP,2017,3509271.0,284459800.0,4163.0,107621500.0,185248300.0,338873800.0
Acadia NP,2018,3537575.0,387654000.0,5602.0,171668000.0,304982000.0,521454000.0
Acadia NP,2019,3437286.0,379517000.0,5474.0,168284000.0,298961000.0,510962000.0
Acadia NP,2020,2669034.0,303734000.0,4368.0,134853000.0,240528000.0,411030000.0
Acadia NP,2021,4069098.0,486056000.0,6841.0,236009000.0,401158000.0,702038000.0
Acadia NP,2022,3970260.0,478821000.0,6695.0,231941000.0,394168000.0,690712000.0
Acadia NP,2023,3879890.0,475175000.0,6603.0,229830000.0,390600000.0,685376000.0
Acadia NP,2024,3961661.0,538906000.0,5304.0,243133000.0,459921000.0,744545000.0
Adams NHP,2017,255563.0,14611500.0,200.0,7971900.0,12984400.0,20679400.0
Adams NHP,2018,121007.0,7146000.0,94.0,3954000.0,6492000.0,10196000.0
Adams NHP,2019,187400.0,11146000.0,146.0,6179000.0,10145000.0,15926000.0
Adams NHP,2020,6937.0,416000.0,5.0,231000.0,379000.0,595000.0
Adams NHP,2021,20679.0,1346000.0,17.0,813000.0,1267000.0,2047000.0
Adams NHP,2022,12848.0,849000.0,11.0,512000.0,798000.0,1290000.0
Adams NHP,2023,25229.0,1691000.0,21.0,1017000.0,1586000.0,2569000.0
Adams NHP,2024,45656.0,3213000.0,31.0,1804000.0,3028000.0,4691000.0
African Burial Ground NM,2017,43183.0,2469000.0,31.0,1392300.0,2253900.0,3381600.0
African Burial Ground NM,2018,45036.0,2660000.0,31.0,1466000.0,2478000.0,3698000.0
African Burial Ground NM,2019,47428.0,2821000.0,33.0,1558000.0,2633000.0,3928000.0
African Burial Ground NM,2020,7907.0,474000.0,6.0,262000.0,443000.0,661000.0
African Burial Ground NM,2021,9167.0,597000.0,7.0,356000.0,579000.0,877000.0
African Burial Ground NM,2022,29743.0,1964000.0,21.0,1170000.0,1902000.0,2884000.0
African Burial Ground NM,2023,40817.0,2733000.0,30.0,1625000.0,2643000.0,4012000.0
African Burial Ground NM,2024,36007.0,2534000.0,21.0,1410000.0,2447000.0,3606000.0
Agate Fossil Beds NM,2017,32039.0,2299000.0,35.0,684100.0,1205500.0,2379400.0
Agate Fossil Beds NM,2018,16238.0,1206000.0,17.0,380000.0,660000.0,1263000.0
Agate Fossil Beds NM,2019,16657.0,1246000.0,17.0,393000.0,683000.0,1306000.0
Agate Fossil Beds NM,2020,8722.0,657000.0,9.0,208000.0,361000.0,690000.0
Agate Fossil Beds NM,2021,18264.0,1517000.0,20.0,471000.0,819000.0,1625000.0
Agate Fossil Beds NM,2022,16357.0,1378000.0,18.0,428000.0,743000.0,1477000.0
Agate Fossil Beds NM,2023,15562.0,1329000.0,17.0,412000.0,716000.0,1425000.0
Agate Fossil Beds NM,2024,19395.0,1694000.0,18.0,484000.0,960000.0,1813000.0
Alagnak WR,2021,262.0,12000.0,0.0,5000.0,8000.0,13000.0
Alagnak WR,2022,184.0,7000.0,0.0,3000.0,5000.0,8000.0
Alagnak WR,2023,231.0,13000.0,0.0,6000.0,9000.0,16000.0
Alagnak WR,2024,278.0,14000.0,0.0,5000.0,9000.0,15000.0
Alibates Flint Quarries NM,2017,6613.0,378100.0,5.0,150200.0,257200.0,465300.0
Alibates Flint Quarries NM,2018,7415.0,438000.0,6.0,173000.0,295000.0,539000.0
Alibates Flint Quarries NM,2019,8848.0,526000.0,8.0,208000.0,355000.0,649000.0
Alibates Flint Quarries NM,2020,4269.0,256000.0,4.0,102000.0,173000.0,316000.0
Alibates Flint Quarries NM,2021,9526.0,620000.0,9.0,259000.0,409000.0,796000.0
Alibates Flint Quarries NM,2022,7520.0,497000.0,7.0,207000.0,327000.0,638000.0
Alibates Flint Quarries NM,2023,6006.0,402000.0,6.0,167000.0,264000.0,516000.0
Alibates Flint Quarries NM,2024,8558.0,602000.0,6.0,238000.0,428000.0,762000.0
Allegheny Portage Railroad NHS,2017,201837.0,11539700.0,179.0,5649000.0,9085100.0,15724500.0
Allegheny Portage Railroad NHS,2018,189048.0,11164000.0,177.0,5557000.0,8982000.0,15654000.0
Allegheny Portage Railroad NHS,2019,189189.0,11253000.0,178.0,5612000.0,9070000.0,15800000.0
Allegheny Portage Railroad NHS,2020,136030.0,8150000.0,129.0,4071000.0,6581000.0,11459000.0
Allegheny Portage Railroad NHS,2021,187919.0,12233000.0,177.0,6557000.0,10150000.0,17947000.0
Allegheny Portage Railroad NHS,2022,176144.0,11631000.0,167.0,6225000.0,9636000.0,17060000.0
Allegheny Portage Railroad NHS,2023,199612.0,13368000.0,191.0,7143000.0,11058000.0,19603000.0
Allegheny Portage Railroad NHS,2024,193903.0,13645000.0,148.0,6644000.0,11289000.0,18998000.0
Amache NHS,2024,4771.0,336000.0,4.0,111000.0,210000.0,379000.0
Amistad NRA,2017,1221635.0,52103100.0,695.0,15795200.0,28427400.0,52168500.0
Amistad NRA,2018,1111770.0,49308000.0,637.0,15645000.0,27515000.0,50454000.0
Amistad NRA,2019,1267900.0,56596000.0,730.0,17997000.0,31646000.0,57993000.0
Amistad NRA,2020,1424139.0,64030000.0,825.0,20405000.0,35888000.0,65732000.0
Amistad NRA,2021,1091897.0,53722000.0,682.0,18664000.0,29635000.0,58014000.0
Amistad NRA,2022,912283.0,45498000.0,574.0,15785000.0,25063000.0,49145000.0
Amistad NRA,2023,836733.0,42327000.0,531.0,14667000.0,23289000.0,45745000.0
Amistad NRA,2024,832294.0,43943000.0,426.0,12793000.0,24920000.0,45868000.0
Andersonville NHS,2017,132149.0,7555400.0,123.0,2877600.0,4897800.0,9322400.0
Andersonville NHS,2018,138164.0,8159000.0,134.0,2992000.0,5247000.0,10193000.0
Andersonville NHS,2019,103636.0,6164000.0,101.0,2265000.0,3971000.0,7711000.0
Andersonville NHS,2020,63800.0,3823000.0,63.0,1407000.0,2467000.0,4788000.0
Andersonville NHS,2021,45084.0,2935000.0,46.0,1118000.0,1914000.0,3777000.0
Andersonville NHS,2022,60109.0,3969000.0,61.0,1510000.0,2585000.0,5109000.0
Andersonville NHS,2023,77740.0,5206000.0,80.0,1977000.0,3386000.0,6701000.0
Andersonville NHS,2024,72925.0,5132000.0,61.0,1794000.0,3416000.0,6421000.0
Andrew Johnson NHS,2017,53999.0,3087400.0,50.0,1316000.0,2176000.0,3933500.0
Andrew Johnson NHS,2018,50670.0,2992000.0,44.0,1326000.0,2205000.0,3866000.0
Andrew Johnson NHS,2019,51189.0,3045000.0,44.0,1352000.0,2247000.0,3939000.0
Andrew Johnson NHS,2020,46093.0,2762000.0,40.0,1228000.0,2042000.0,3577000.0
Andrew Johnson NHS,2021,63720.0,4148000.0,59.0,1933000.0,3165000.0,5749000.0
Andrew Johnson NHS,2022,52873.0,3491000.0,49.0,1624000.0,2660000.0,4838000.0
Andrew Johnson NHS,2023,61086.0,4091000.0,57.0,1900000.0,3111000.0,5667000.0
Andrew Johnson NHS,2024,55270.0,3889000.0,39.0,1767000.0,3125000.0,5204000.0
Aniakchak NM & PRES,2017,100.0,77200.0,0.0,31300.0,72300.0,112200.0
Aniakchak NM & PRES,2018,100.0,71000.0,1.0,30000.0,67000.0,101000.0
Aniakchak NM & PRES,2019,100.0,70000.0,1.0,29000.0,66000.0,99000.0
Aniakchak NM & PRES,2020,36.0,65000.0,1.0,27000.0,61000.0,92000.0
Aniakchak NM & PRES,2021,145.0,319000.0,4.0,175000.0,284000.0,483000.0
Aniakchak NM & PRES,2022,179.0,344000.0,5.0,189000.0,306000.0,520000.0
Aniakchak NM & PRES,2023,199.0,270000.0,4.0,148000.0,239000.0,407000.0
Aniakchak NM & PRES,2024,191.0,396000.0,4.0,192000.0,351000.0,573000.0
Antietam NB,2017,366508.0,20950500.0,281.0,10894600.0,18047700.0,28813300.0
Antietam NB,2018,326197.0,19258000.0,255.0,10290000.0,17069000.0,26931000.0
Antietam NB,2019,287344.0,17086000.0,226.0,9146000.0,15171000.0,23926000.0
Antietam NB,2020,85884.0,5146000.0,68.0,2759000.0,4577000.0,7216000.0
Antietam NB,2021,110544.0,7195000.0,90.0,4083000.0,6636000.0,10688000.0
Antietam NB,2022,115619.0,7630000.0,95.0,4323000.0,7026000.0,11330000.0
Antietam NB,2023,153560.0,10280000.0,127.0,5815000.0,9451000.0,15261000.0
Antietam NB,2024,197340.0,13882000.0,131.0,6909000.0,12448000.0,19362000.0
Apostle Islands NL,2017,203421.0,31763400.0,454.0,11492900.0,20403400.0,37497200.0
Apostle Islands NL,2018,252921.0,40440000.0,576.0,14718000.0,26200000.0,48164000.0
Apostle Islands NL,2019,240613.0,38732000.0,551.0,14127000.0,25150000.0,46194000.0
Apostle Islands NL,2020,219009.0,35498000.0,504.0,12968000.0,23099000.0,42392000.0
Apostle Islands NL,2021,290961.0,50884000.0,705.0,19737000.0,33758000.0,63754000.0
Apostle Islands NL,2022,254952.0,45212000.0,623.0,17511000.0,29955000.0,56652000.0
Apostle Islands NL,2023,247167.0,44444000.0,608.0,17190000.0,29409000.0,55695000.0
Apostle Islands NL,2024,253703.0,49321000.0,472.0,20003000.0,34556000.0,60138000.0
Appomattox Court House NHP,2017,113961.0,6515500.0,104.0,2633200.0,4478300.0,8137400.0
Appomattox Court House NHP,2018,103045.0,6085000.0,91.0,2454000.0,4225000.0,7585000.0
Appomattox Court House NHP,2019,102398.0,6090000.0,91.0,2461000.0,4236000.0,7601000.0
Appomattox Court House NHP,2020,57513.0,3446000.0,52.0,1395000.0,2401000.0,4306000.0
Appomattox Court House NHP,2021,92650.0,6031000.0,87.0,2587000.0,4316000.0,7995000.0
Appomattox Court House NHP,2022,83483.0,5512000.0,79.0,2360000.0,3939000.0,7307000.0
Appomattox Court House NHP,2023,91963.0,6159000.0,88.0,2633000.0,4393000.0,8162000.0
Appomattox Court House NHP,2024,83769.0,5895000.0,62.0,2225000.0,4170000.0,7278000.0
Arches NP,2017,1539028.0,182505500.0,2869.0,75990700.0,132261200.00000001,241343900.0
Arches NP,2018,1663556.0,200337000.0,3079.0,81408000.0,144434000.0,262845000.0
Arches NP,2019,1659702.0,201299000.0,3089.0,81926000.0,145353000.0,264383000.0
Arches NP,2020,1238083.0,151684000.0,2323.0,61839000.0,109729000.0,199487000.0
Arches NP,2021,1806865.0,236999000.0,3229.0,94614000.0,160803000.0,294344000.0
Arches NP,2022,1460652.0,274172000.0,3558.0,112310000.0,188653000.0,335174000.0
Arches NP,2023,1482045.0,282826000.0,3654.0,115764000.0,194441000.0,345830000.0
Arches NP,2024,1466528.0,287785000.0,2502.0,94522000.0,183289000.0,312122000.0
Arkansas Post NMEM,2017,36079.0,2062500.0,31.0,847500.0,1468000.0,2561200.0
Arkansas Post NMEM,2018,30126.0,1779000.0,25.0,706000.0,1250000.0,2188000.0
Arkansas Post NMEM,2019,28519.0,1696000.0,24.0,674000.0,1194000.0,2089000.0
Arkansas Post NMEM,2020,29652.0,1777000.0,25.0,707000.0,1253000.0,2191000.0
Arkansas Post NMEM,2021,26043.0,1696000.0,23.0,696000.0,1190000.0,2171000.0
Arkansas Post NMEM,2022,22791.0,1505000.0,20.0,617000.0,1054000.0,1927000.0
Arkansas Post NMEM,2023,25032.0,1676000.0,23.0,686000.0,1173000.0,2146000.0
Arkansas Post NMEM,2024,26203.0,1844000.0,20.0,714000.0,1328000.0,2342000.0
Arlington House The R.E. Lee MEM,2017,726060.0,41511400.0,548.0,21575800.0,35866700.0,56918900.0
Arlington House The R.E. Lee MEM,2018,49500.0,2923000.0,38.0,1560000.0,2597000.0,4069000.0
Arlington House The R.E. Lee MEM,2019,0.0,0.0,0.0,0.0,0.0,0.0
Arlington House The R.E. Lee MEM,2020,0.0,0.0,0.0,0.0,0.0,0.0
Arlington House The R.E. Lee MEM,2021,4781.0,311000.0,4.0,176000.0,288000.0,461000.0
Arlington House The R.E. Lee MEM,2022,306686.0,20251000.0,249.0,11448000.0,18706000.0,29992000.0
Arlington House The R.E. Lee MEM,2023,419225.0,28076000.0,343.0,15846000.0,25894000.0,41570000.0
Arlington House The R.E. Lee MEM,2024,447641.0,31499000.0,294.0,15635000.0,28326000.0,43841000.0
Assateague Island NS,2017,2347166.0,99819800.0,1284.0,38734100.0,65660200.0,110986600.0
Assateague Island NS,2018,2136889.0,94476000.0,1192.0,37169000.0,62216000.0,105594000.0
Assateague Island NS,2019,2344536.0,104353000.0,1316.0,41146000.0,68870000.0,116822000.0
Assateague Island NS,2020,2481659.0,111372000.0,1402.0,44007000.0,73713000.0,124986000.0
Assateague Island NS,2021,2662716.0,130626000.0,1596.0,53542000.0,87636000.0,155441000.0
Assateague Island NS,2022,2340269.0,116445000.0,1414.0,47671000.0,78036000.0,138624000.0
Assateague Island NS,2023,2351874.0,118609000.0,1431.0,48489000.0,79369000.0,141202000.0
Assateague Island NS,2024,2282498.0,120137000.0,1075.0,44563000.0,80941000.0,134306000.0
Aztec Ruins NM,2017,52755.0,3016200.0,46.0,1078300.0,1874400.0,3494700.0
Aztec Ruins NM,2018,54932.0,3244000.0,48.0,1147000.0,2045000.0,3803000.0
Aztec Ruins NM,2019,63777.0,3793000.0,56.0,1344000.0,2395000.0,4453000.0
Aztec Ruins NM,2020,30223.0,1811000.0,27.0,643000.0,1145000.0,2128000.0
Aztec Ruins NM,2021,56427.0,3673000.0,49.0,1302000.0,2318000.0,4404000.0
Aztec Ruins NM,2022,50396.0,3328000.0,44.0,1178000.0,2097000.0,3990000.0
Aztec Ruins NM,2023,47554.0,3072000.0,42.0,1276000.0,2216000.0,4058000.0
Aztec Ruins NM,2024,40019.0,2635000.0,26.0,969000.0,1853000.0,3251000.0
Badlands NP,2017,1054325.0,66005899.99999999,952.0,24990800.0,43349700.0,80730600.0
Badlands NP,2018,1008942.0,65840000.0,924.0,25954000.0,44838000.0,82542000.0
Badlands NP,2019,970998.0,63503000.0,890.0,25075000.0,43288000.0,79643000.0
Badlands NP,2020,916932.0,60511000.0,847.0,23940000.0,41344000.0,76026000.0
Badlands NP,2021,1224226.0,88287000.0,1193.0,34782000.0,61008000.0,114085000.0
Badlands NP,2022,1006809.0,73746000.0,991.0,29025000.0,50916000.0,95334000.0
Badlands NP,2023,1046400.0,134579000.0,1916.0,62407000.0,107624000.0,193285000.0
Badlands NP,2024,1094245.0,143206000.0,1410.0,58901000.0,111301000.0,191413000.0
Bandelier NM,2017,209140.0,12820300.0,188.0,5238200.0,9088600.0,16370600.0
Bandelier NM,2018,198442.0,12468000.0,179.0,5167000.0,8957000.0,15991000.0
Bandelier NM,2019,200741.0,12746000.0,182.0,5294000.0,9182000.0,16384000.0
Bandelier NM,2020,94948.0,6141000.0,88.0,2558000.0,4442000.0,7925000.0
Bandelier NM,2021,270716.0,18963000.0,254.0,7852000.0,13572000.0,24794000.0
Bandelier NM,2022,210941.0,15018000.0,200.0,6212000.0,10742000.0,19649000.0
Bandelier NM,2023,199501.0,14257000.0,188.0,5882000.0,10165000.0,18607000.0
Bandelier NM,2024,213595.0,15870000.0,159.0,6454000.0,11799000.0,20181000.0
Belmont-Paul Women's Equality NM,2017,10894.0,201700.0,3.0,106300.0,180600.0,286600.0
Belmont-Paul Women's Equality NM,2018,9081.0,174000.0,2.0,94000.0,160000.0,250000.0
Belmont-Paul Women's Equality NM,2019,9912.0,191000.0,2.0,104000.0,176000.0,276000.0
Belmont-Paul Women's Equality NM,2020,2535.0,49000.0,1.0,27000.0,45000.0,71000.0
Belmont-Paul Women's Equality NM,2021,0.0,0.0,0.0,0.0,0.0,0.0
Belmont-Paul Women's Equality NM,2022,0.0,0.0,0.0,0.0,0.0,0.0
Belmont-Paul Women's Equality NM,2023,2034.0,44000.0,1.0,25000.0,42000.0,67000.0
Belmont-Paul Women's Equality NM,2024,7704.0,177000.0,2.0,90000.0,165000.0,253000.0
Bent's Old Fort NHS,2017,26398.0,1509200.0,21.0,585000.0,1001000.0,1779800.0
Bent's Old Fort NHS,2018,23562.0,1391000.0,20.0,560000.0,981000.0,1711000.0
Bent's Old Fort NHS,2019,21674.0,1289000.0,18.0,520000.0,911000.0,1587000.0
Bent's Old Fort NHS,2020,12438.0,745000.0,10.0,301000.0,527000.0,919000.0
Bent's Old Fort NHS,2021,21585.0,1405000.0,19.0,592000.0,1018000.0,1818000.0
Bent's Old Fort NHS,2022,26057.0,1720000.0,23.0,723000.0,1244000.0,2226000.0
Bent's Old Fort NHS,2023,19718.0,1320000.0,17.0,554000.0,954000.0,1709000.0
Bent's Old Fort NHS,2024,16102.0,1133000.0,11.0,432000.0,837000.0,1418000.0
Bering Land Bridge NPRES,2017,2642.0,4056700.0,51.0,1877800.0,3561100.0,5913500.0
Bering Land Bridge NPRES,2018,2642.0,4014000.0,49.0,1880000.0,3518000.0,5706000.0
Bering Land Bridge NPRES,2019,2642.0,4041000.0,50.0,1896000.0,3550000.0,5749000.0
Bering Land Bridge NPRES,2020,2642.0,4067000.0,50.0,1913000.0,3582000.0,5793000.0
Bering Land Bridge NPRES,2021,2642.0,4306000.0,61.0,2359000.0,3763000.0,6444000.0
Bering Land Bridge NPRES,2022,2642.0,4363000.0,61.0,2388000.0,3810000.0,6529000.0
Bering Land Bridge NPRES,2023,2642.0,4420000.0,62.0,2418000.0,3859000.0,6615000.0
Bering Land Bridge NPRES,2024,2642.0,5145000.0,48.0,2502000.0,4521000.0,7371000.0
Big Bend NP,2017,440275.0,37305300.0,541.0,12524500.0,22453300.0,40902000.0
Big Bend NP,2018,440091.0,38865000.0,567.0,12734000.0,23309000.0,43775000.0
Big Bend NP,2019,463833.0,41295000.0,601.0,13546000.0,24853000.0,46648000.0
Big Bend NP,2020,393907.0,33539000.0,486.0,10916000.0,20053000.0,37678000.0
Big Bend NP,2021,581220.0,53078000.0,726.0,20472000.0,32565000.0,61238000.0
Big Bend NP,2022,514107.0,48061000.0,655.0,18559000.0,29560000.0,55676000.0
Big Bend NP,2023,509129.0,48513000.0,657.0,18723000.0,29810000.0,56205000.0
Big Bend NP,2024,561458.0,56817000.0,585.0,17269000.0,34443000.0,63707000.0
Big Cypress NPRES,2017,922883.0,72014500.0,957.0,36393700.0,63084600.0,102401700.0
Big Cypress NPRES,2018,794349.0,63918000.0,849.0,32028000.0,56205000.0,91724000.0
Big Cypress NPRES,2019,1007471.0,81506000.0,1080.0,40906000.0,71777000.0,117080000.0
Big Cypress NPRES,2020,1181930.0,96331000.0,1273.0,48430000.0,84982000.0,138557000.0
Big Cypress NPRES,2021,2563810.0,227772000.0,2986.0,116395000.0,199589000.0,338156000.0
Big Cypress NPRES,2022,2903159.0,261407000.0,3403.0,133394000.0,228749000.0,387985000.0
Big Cypress NPRES,2023,1846562.0,167855000.0,2169.0,85498000.0,146590000.0,248903000.0
Big Cypress NPRES,2024,2216708.0,214069000.0,1993.0,103880000.0,190313000.0,303191000.0
Big Hole NB,2017,36718.0,2354300.0,33.0,864500.0,1286200.0,2457000.0
Big Hole NB,2018,56943.0,4026000.0,53.0,1464000.0,2232000.0,4154000.0
Big Hole NB,2019,45861.0,3264000.0,43.0,1190000.0,1814000.0,3373000.0
Big Hole NB,2020,36234.0,2595000.0,34.0,948000.0,1446000.0,2687000.0
Big Hole NB,2021,31734.0,2498000.0,32.0,925000.0,1382000.0,2768000.0
Big Hole NB,2022,54781.0,4371000.0,56.0,1618000.0,2416000.0,4845000.0
Big Hole NB,2023,55206.0,4465000.0,57.0,1651000.0,2466000.0,4952000.0
Big Hole NB,2024,45211.0,3780000.0,39.0,1286000.0,2151000.0,4144000.0
Big South Fork NRRA,2017,761200.0,22699000.0,299.0,8132900.0,13354000.0,24077700.0
Big South Fork NRRA,2018,760907.0,23702000.0,288.0,8720000.0,14666000.0,25590000.0
Big South Fork NRRA,2019,750494.0,23592000.0,286.0,8686000.0,14642000.0,25547000.0
Big South Fork NRRA,2020,772625.0,24335000.0,295.0,9007000.0,15130000.0,26361000.0
Big South Fork NRRA,2021,834724.0,29283000.0,348.0,11438000.0,18581000.0,33891000.0
Big South Fork NRRA,2022,797726.0,28195000.0,333.0,10978000.0,17840000.0,32603000.0
Big South Fork NRRA,2023,766000.0,27487000.0,323.0,10701000.0,17391000.0,31816000.0
Big South Fork NRRA,2024,779602.0,28466000.0,244.0,10784000.0,19343000.0,31583000.0
Big Thicket NPRES,2017,170649.0,106990600.0,136.0,4800800.0,8358299.999999999,13515500.0
Big Thicket NPRES,2018,221514.0,14340000.0,181.0,6767000.0,11652000.0,18822000.0
Big Thicket NPRES,2019,255925.0,16698000.0,211.0,7896000.0,13596000.0,21952000.0
Big Thicket NPRES,2020,309053.0,20309000.0,256.0,9621000.0,16569000.0,26737000.0
Big Thicket NPRES,2021,290837.0,20821000.0,274.0,10523000.0,16519000.0,28433000.0
Big Thicket NPRES,2022,276788.0,20113000.0,263.0,10153000.0,15942000.0,27473000.0
Big Thicket NPRES,2023,262791.0,19364000.0,251.0,9762000.0,15329000.0,26448000.0
Big Thicket NPRES,2024,271823.0,21057000.0,206.0,9174000.0,16870000.0,27828000.0
Bighorn Canyon NRA,2017,231836.0,9856100.0,148.0,3999600.0,6397900.0,11955300.0
Bighorn Canyon NRA,2018,235569.0,10409000.0,147.0,4248000.0,6842000.0,12526000.0
Bighorn Canyon NRA,2019,249658.0,11106000.0,157.0,4542000.0,7316000.0,13387000.0
Bighorn Canyon NRA,2020,212295.0,9483000.0,134.0,3888000.0,6254000.0,11432000.0
Bighorn Canyon NRA,2021,219505.0,10743000.0,145.0,4416000.0,6748000.0,13112000.0
Bighorn Canyon NRA,2022,217660.0,10805000.0,145.0,4436000.0,6780000.0,13194000.0
Bighorn Canyon NRA,2023,217731.0,10976000.0,147.0,4502000.0,6882000.0,13417000.0
Bighorn Canyon NRA,2024,219815.0,11557000.0,121.0,4382000.0,7609000.0,14003000.0
Biscayne NP,2017,446961.0,27986700.0,364.0,14021500.0,23872500.0,38537600.0
Biscayne NP,2018,469254.0,30309000.0,398.0,15004000.0,25993000.0,42347000.0
Biscayne NP,2019,708522.0,46249000.0,606.0,22947000.0,39769000.0,64758000.0
Biscayne NP,2020,402770.0,26489000.0,347.0,13169000.0,22824000.0,37147000.0
Biscayne NP,2021,705655.0,50551000.0,658.0,25625000.0,43312000.0,73538000.0
Biscayne NP,2022,701023.0,50949000.0,659.0,25797000.0,43606000.0,74118000.0
Biscayne NP,2023,571242.0,42063000.0,540.0,21267000.0,35950000.0,61171000.0
Biscayne NP,2024,512213.0,39679000.0,362.0,19190000.0,34520000.0,55023000.0
Black Canyon of the Gunnison NP,2017,307142.0,18656500.0,236.0,8240100.0,13927200.0,22906600.0
Black Canyon of the Gunnison NP,2018,308962.0,19315000.0,241.0,8192000.0,14317000.0,23677000.0
Black Canyon of the Gunnison NP,2019,432818.0,27599000.0,344.0,11743000.0,20556000.0,33976000.0
Black Canyon of the Gunnison NP,2020,341619.0,21782000.0,271.0,9279000.0,16230000.0,26811000.0
Black Canyon of the Gunnison NP,2021,308910.0,21401000.0,250.0,9270000.0,15505000.0,26676000.0
Black Canyon of the Gunnison NP,2022,297257.0,20930000.0,243.0,9059000.0,15154000.0,26108000.0
Black Canyon of the Gunnison NP,2023,357069.0,25557000.0,295.0,11051000.0,18492000.0,31901000.0
Black Canyon of the Gunnison NP,2024,335862.0,25238000.0,209.0,10258000.0,19050000.0,30348000.0
Blue Ridge PKWY,2017,16093766.0,1015625800.0,15378.0,458532200.0,785896500.0,1388562700.0
Blue Ridge PKWY,2018,14690418.0,1096235000.0,15943.0,430067000.0,733915000.0,1332187000.0
Blue Ridge PKWY,2019,14976084.0,1125413000.0,16341.0,442244000.0,754647000.0,1369146000.0
Blue Ridge PKWY,2020,14099484.0,1067321000.0,15472.0,420072000.0,716910000.0,1300099000.0
Blue Ridge PKWY,2021,15948148.0,1287039000.0,17947.0,530834000.0,901289000.0,1675447000.0
Blue Ridge PKWY,2022,15711004.0,1286018000.0,17824.0,529662000.0,899322000.0,1674075000.0
Blue Ridge PKWY,2023,16757635.0,1390803000.0,19159.0,571979000.0,971164000.0,1810286000.0
Blue Ridge PKWY,2024,16733639.0,1521013000.0,15679.0,581720000.0,1071669000.0,1882268000.0
Bluestone NSR,2017,32029.0,1367700.0,20.0,519700.00000000006,866100.0,1556200.0
Bluestone NSR,2018,31315.0,1390000.0,19.0,534000.0,902000.0,1604000.0
Bluestone NSR,2019,37663.0,1683000.0,23.0,648000.0,1095000.0,1945000.0
Bluestone NSR,2020,25208.0,1134000.0,16.0,438000.0,739000.0,1313000.0
Bluestone NSR,2021,26710.0,1315000.0,17.0,512000.0,854000.0,1584000.0
Bluestone NSR,2022,14113.0,705000.0,9.0,274000.0,457000.0,849000.0
Bluestone NSR,2023,21592.0,1093000.0,14.0,424000.0,708000.0,1317000.0
Bluestone NSR,2024,7327.0,387000.0,4.0,135000.0,252000.0,439000.0
Booker T. Washington NM,2017,25480.0,1456800.0,22.0,604300.0,1028500.0,1865400.0
Booker T. Washington NM,2018,22732.0,1342000.0,21.0,567000.0,969000.0,1748000.0
Booker T. Washington NM,2019,24639.0,1466000.0,23.0,620000.0,1059000.0,1911000.0
Booker T. Washington NM,2020,22482.0,1347000.0,21.0,571000.0,975000.0,1758000.0
Booker T. Washington NM,2021,18963.0,1234000.0,19.0,543000.0,911000.0,1708000.0
Booker T. Washington NM,2022,20396.0,1347000.0,20.0,592000.0,992000.0,1863000.0
Booker T. Washington NM,2023,28713.0,1922000.0,29.0,843000.0,1414000.0,2659000.0
Booker T. Washington NM,2024,24209.0,1703000.0,19.0,672000.0,1241000.0,2204000.0
Boston African American NHS,2017,413151.0,23621300.0,325.0,12921200.0,21007000.0,33468500.0
Boston African American NHS,2018,410893.0,24264000.0,319.0,13468000.0,22101000.0,34698000.0
Boston African American NHS,2019,419585.0,24956000.0,327.0,13877000.0,22772000.0,35737000.0
Boston African American NHS,2020,89616.0,5369000.0,70.0,2991000.0,4908000.0,7699000.0
Boston African American NHS,2021,239238.0,15574000.0,196.0,9425000.0,14695000.0,23734000.0
Boston African American NHS,2022,390765.0,25803000.0,323.0,15592000.0,24310000.0,39314000.0
Boston African American NHS,2023,389863.0,26110000.0,324.0,15752000.0,24560000.0,39770000.0
Boston African American NHS,2024,393386.0,27681000.0,265.0,15634000.0,26194000.0,40565000.0
Boston Harbor Islands NRA,2020,71991.0,3239000.0,39.0,1681000.0,2742000.0,4304000.0
Boston Harbor Islands NRA,2021,20777.0,1023000.0,12.0,575000.0,895000.0,1450000.0
Boston Harbor Islands NRA,2022,29241.0,1460000.0,17.0,820000.0,1275000.0,2070000.0
Boston Harbor Islands NRA,2023,27986.0,1417000.0,16.0,795000.0,1236000.0,2009000.0
Boston Harbor Islands NRA,2024,28157.0,1488000.0,13.0,770000.0,1299000.0,2007000.0
Boston NHP,2017,3425606.0,195854000.0,2690.0,107173500.0,174204300.0,277481800.0
Boston NHP,2018,3053240.0,180302000.0,2367.0,100103000.0,164240000.0,257798000.0
Boston NHP,2019,3201833.0,190442000.0,2495.0,105922000.0,173790000.0,272675000.0
Boston NHP,2020,277169.0,16606000.0,217.0,9252000.0,15181000.0,23808000.0
Boston NHP,2021,1098210.0,71491000.0,900.0,43274000.0,67457000.0,108943000.0
Boston NHP,2022,2123246.0,140202000.0,1752.0,84732000.0,132086000.0,213592000.0
Boston NHP,2023,2517296.0,168589000.0,2092.0,101725000.0,158579000.0,256767000.0
Boston NHP,2024,2744458.0,193124000.0,1848.0,109087000.0,182738000.0,282993000.0
Brown v. Board of Education NHP,2017,25205.0,1441000.0,24.0,729900.0,1236800.0,2177100.0
Brown v. Board of Education NHP,2018,24083.0,1422000.0,23.0,735000.0,1235000.0,2169000.0
Brown v. Board of Education NHP,2019,21413.0,1274000.0,21.0,660000.0,1108000.0,1945000.0
Brown v. Board of Education NHP,2020,4064.0,244000.0,4.0,126000.0,212000.0,372000.0
Brown v. Board of Education NHP,2021,9113.0,593000.0,9.0,313000.0,518000.0,930000.0
Brown v. Board of Education NHP,2022,15564.0,1028000.0,15.0,541000.0,897000.0,1612000.0
Brown v. Board of Education NHP,2023,18826.0,1261000.0,19.0,663000.0,1098000.0,1977000.0
Brown v. Board of Education NHP,2024,21919.0,1542000.0,18.0,766000.0,1349000.0,2294000.0
Bryce Canyon NP,2017,2571684.0,212958500.0,3119.0,83429600.0,141782300.0,256381000.0
Bryce Canyon NP,2018,2679478.0,227305000.0,3288.0,85163000.0,150944000.0,274654000.0
Bryce Canyon NP,2019,2594904.0,222115000.0,3206.0,83420000.0,147909000.0,268899000.0
Bryce Canyon NP,2020,1464655.0,125173000.0,1810.0,47009000.0,83256000.0,151322000.0
Bryce Canyon NP,2021,2104600.0,194832000.0,2693.0,78801000.0,135874000.0,252003000.0
Bryce Canyon NP,2022,2354660.0,218608000.0,3019.0,69296000.0,118191000.0,234954000.0
Bryce Canyon NP,2023,2461269.0,231942000.0,3190.0,73488000.0,125354000.0,249380000.0
Bryce Canyon NP,2024,2498075.0,244884000.0,2334.0,69263000.0,139948000.0,270134000.0
Buck Island Reef NM,2017,33082.0,2003000.0,23.0,921000.0,1603100.0,2543900.0
Buck Island Reef NM,2018,31410.0,1956000.0,21.0,871000.0,1587000.0,2441000.0
Buck Island Reef NM,2019,37086.0,2341000.0,25.0,1046000.0,1907000.0,2931000.0
Buck Island Reef NM,2020,16033.0,971000.0,10.0,434000.0,788000.0,1214000.0
Buck Island Reef NM,2021,45664.0,3187000.0,31.0,1418000.0,2612000.0,3982000.0
Buck Island Reef NM,2022,45365.0,3210000.0,31.0,1426000.0,2628000.0,4011000.0
Buck Island Reef NM,2023,46207.0,3317000.0,32.0,1472000.0,2712000.0,4145000.0
Buck Island Reef NM,2024,42289.0,3179000.0,25.0,1342000.0,2652000.0,3969000.0
Buffalo NR,2017,1471330.0,62634500.0,911.0,23003100.0,39175800.0,71109200.0
Buffalo NR,2018,1240119.0,54919000.0,797.0,19495000.0,33958000.0,62767000.0
Buffalo NR,2019,1326283.0,59181000.0,857.0,21058000.0,36695000.0,67794000.0
Buffalo NR,2020,1478846.0,66349000.0,960.0,23654000.0,41200000.0,76072000.0
Buffalo NR,2021,1515874.0,74321000.0,994.0,27992000.0,47616000.0,89818000.0
Buffalo NR,2022,1306932.0,64953000.0,864.0,24432000.0,41554000.0,78495000.0
Buffalo NR,2023,1549467.0,78159000.0,1033.0,29368000.0,49972000.0,94549000.0
Buffalo NR,2024,1686348.0,88678000.0,889.0,32586000.0,60008000.0,105529000.0
Cabrillo NM,2017,997902.0,57053600.0,790.0,29393900.0,47275300.0,76372000.0
Cabrillo NM,2018,842105.0,49729000.0,654.0,25839000.0,42593000.0,67481000.0
Cabrillo NM,2019,761485.0,45292000.0,595.0,23576000.0,38863000.0,61545000.0
Cabrillo NM,2020,523878.0,31388000.0,411.0,16367000.0,26979000.0,42707000.0
Cabrillo NM,2021,683613.0,44502000.0,564.0,24397000.0,38361000.0,62489000.0
Cabrillo NM,2022,768076.0,50718000.0,638.0,27761000.0,43651000.0,71205000.0
Cabrillo NM,2023,810147.0,54257000.0,678.0,29651000.0,46624000.0,76162000.0
Cabrillo NM,2024,845912.0,59525000.0,566.0,29339000.0,50637000.0,79914000.0
Camp Nelson NM,2021,43095.0,2805000.0,43.0,1303000.0,2048000.0,3875000.0
Camp Nelson NM,2022,16217.0,1071000.0,16.0,497000.0,781000.0,1479000.0
Camp Nelson NM,2023,16397.0,1098000.0,17.0,509000.0,799000.0,1517000.0
Camp Nelson NM,2024,34716.0,2443000.0,27.0,1045000.0,1854000.0,3234000.0
Canaveral NS,2017,1598587.0,100636300.0,1406.0,45510400.0,80615300.0,134396800.0
Canaveral NS,2018,1657855.0,62541000.0,820.0,28286000.0,49940000.0,82971000.0
Canaveral NS,2019,1884122.0,71561000.0,937.0,32434000.0,57264000.0,95095000.0
Canaveral NS,2020,1162949.0,44493000.0,581.0,20204000.0,35672000.0,59211000.0
Canaveral NS,2021,2218059.0,89972000.0,1168.0,43613000.0,74117000.0,127957000.0
Canaveral NS,2022,2122075.0,87275000.0,1126.0,42253000.0,71804000.0,124122000.0
Canaveral NS,2023,2019073.0,84226000.0,1079.0,40717000.0,69197000.0,119767000.0
Canaveral NS,2024,1884091.0,88177000.0,811.0,37698000.0,70430000.0,113947000.0
Cane River Creole NHP,2017,30117.0,1721900.0,24.0,684200.0,1183900.0,2112600.0
Cane River Creole NHP,2018,26880.0,1587000.0,22.0,603000.0,1102000.0,1948000.0
Cane River Creole NHP,2019,29922.0,1780000.0,25.0,677000.0,1237000.0,2186000.0
Cane River Creole NHP,2020,17431.0,1044000.0,15.0,398000.0,727000.0,1285000.0
Cane River Creole NHP,2021,14984.0,976000.0,13.0,380000.0,662000.0,1229000.0
Cane River Creole NHP,2022,14811.0,978000.0,13.0,381000.0,663000.0,1232000.0
Cane River Creole NHP,2023,11701.0,783000.0,11.0,304000.0,530000.0,987000.0
Cane River Creole NHP,2024,12592.0,886000.0,10.0,314000.0,607000.0,1104000.0
Canyon de Chelly NM,2017,825660.0,53354900.0,792.0,17640300.0,31824500.0,61687500.0
Canyon de Chelly NM,2018,439306.0,29577000.0,422.0,9729000.0,17883000.0,34549000.0
Canyon de Chelly NM,2019,460757.0,31146000.0,444.0,10262000.0,18858000.0,36405000.0
Canyon de Chelly NM,2020,76751.0,5422000.0,78.0,1797000.0,3311000.0,6395000.0
Canyon de Chelly NM,2021,184191.0,13826000.0,182.0,4764000.0,8535000.0,16341000.0
Canyon de Chelly NM,2022,354972.0,26964000.0,352.0,9277000.0,16619000.0,31858000.0
Canyon de Chelly NM,2023,333349.0,42089000.0,574.0,15297000.0,27931000.0,53029000.0
Canyon de Chelly NM,2024,387433.0,49793000.0,515.0,16676000.0,32522000.0,59523000.0
Canyonlands NP,2017,742272.0,44541800.0,640.0,16852200.0,28871100.0,52753100.0
Canyonlands NP,2018,739450.0,45776000.0,646.0,17081000.0,29852000.0,54529000.0
Canyonlands NP,2019,733995.0,45909000.0,647.0,17170000.0,30020000.0,54806000.0
Canyonlands NP,2020,493914.0,30975000.0,436.0,11602000.0,20276000.0,36993000.0
Canyonlands NP,2021,911594.0,62875000.0,777.0,22784000.0,38827000.0,71270000.0
Canyonlands NP,2022,779147.0,101464000.0,1319.0,40896000.0,69246000.0,123758000.0
Canyonlands NP,2023,800322.0,106090000.0,1373.0,42757000.0,72406000.0,129549000.0
Canyonlands NP,2024,818492.0,116288000.0,1011.0,38241000.0,74267000.0,125599000.0
Cape Cod NS,2017,4125419.0,176513100.0,2103.0,89182700.0,142731400.0,221510900.0
Cape Cod NS,2018,3926462.0,494995000.0,6098.0,227131000.0,394776000.0,638641000.0
Cape Cod NS,2019,4096103.0,520440000.0,6399.0,239073000.0,415535000.0,672015000.0
Cape Cod NS,2020,4083504.0,522958000.0,6417.0,240492000.0,418002000.0,675797000.0
Cape Cod NS,2021,4017239.0,547135000.0,6709.0,275758000.0,449823000.0,748963000.0
Cape Cod NS,2022,3968672.0,548247000.0,6683.0,275881000.0,450024000.0,750304000.0
Cape Cod NS,2023,3808404.0,533656000.0,6467.0,268107000.0,437341000.0,730144000.0
Cape Cod NS,2024,3823242.0,598168000.0,5385.0,277308000.0,483847000.0,754419000.0
Cape Hatteras NS,2017,2433704.0,151624800.0,2222.0,59797700.0,103924100.0,186562200.0
Cape Hatteras NS,2018,2591056.0,166369000.0,2397.0,66036000.0,116534000.0,208362000.0
Cape Hatteras NS,2019,2606631.0,168360000.0,2422.0,66950000.0,118132000.0,211088000.0
Cape Hatteras NS,2020,2648522.0,172180000.0,2474.0,68598000.0,121037000.0,216152000.0
Cape Hatteras NS,2021,3206056.0,226340000.0,3200.0,92079000.0,157971000.0,293968000.0
Cape Hatteras NS,2022,2862844.0,644568000.0,10272.0,350475000.0,537394000.0,864609000.0
Cape Hatteras NS,2023,2826169.0,644036000.0,10220.0,349798000.0,536350000.0,863670000.0
Cape Hatteras NS,2024,2762954.0,650279000.0,7012.0,277130000.0,492967000.0,852033000.0
Cape Krusenstern NM,2017,15000.0,23031600.0,301.0,10661300.0,20217800.0,33573300.0
Cape Krusenstern NM,2018,15087.0,22917000.0,282.0,10732000.0,20085000.0,32574000.0
Cape Krusenstern NM,2019,16226.0,24805000.0,305.0,11642000.0,21792000.0,35294000.0
Cape Krusenstern NM,2020,11369.0,17498000.0,215.0,8230000.0,15410000.0,24923000.0
Cape Krusenstern NM,2021,12162.0,19816000.0,279.0,10855000.0,17315000.0,29654000.0
Cape Krusenstern NM,2022,17403.0,28727000.0,403.0,15723000.0,25089000.0,42990000.0
Cape Krusenstern NM,2023,17820.0,29809000.0,416.0,16302000.0,26021000.0,44608000.0
Cape Krusenstern NM,2024,17736.0,34526000.0,323.0,16789000.0,30342000.0,49466000.0
Cape Lookout NS,2017,399358.0,20897100.0,309.0,7230500.0,12230800.0,23206000.0
Cape Lookout NS,2018,408399.0,18755000.0,262.0,6436000.0,10781000.0,20269000.0
Cape Lookout NS,2019,455527.0,20292000.0,282.0,6937000.0,11570000.0,21724000.0
Cape Lookout NS,2020,488332.0,21905000.0,304.0,7505000.0,12518000.0,23491000.0
Cape Lookout NS,2021,562461.0,27621000.0,357.0,9927000.0,16200000.0,30694000.0
Cape Lookout NS,2022,541533.0,26773000.0,343.0,9598000.0,15632000.0,29648000.0
Cape Lookout NS,2023,529995.0,26553000.0,338.0,9506000.0,15480000.0,29406000.0
Cape Lookout NS,2024,552786.0,28925000.0,293.0,9964000.0,17640000.0,32033000.0
Capitol Reef NP,2017,1150165.0,81284400.0,1100.0,29476700.0,50867700.0,91814000.0
Capitol Reef NP,2018,1227626.0,89216000.0,1178.0,31022000.0,55530000.0,100955000.0
Capitol Reef NP,2019,1226519.0,89789000.0,1185.0,31281000.0,55996000.0,101742000.0
Capitol Reef NP,2020,981038.0,72429000.0,954.0,25289000.0,45286000.0,82231000.0
Capitol Reef NP,2021,1405353.0,113355000.0,1361.0,42947000.0,74236000.0,131894000.0
Capitol Reef NP,2022,1227608.0,105561000.0,1462.0,32199000.0,62120000.0,121297000.0
Capitol Reef NP,2023,1268861.0,110571000.0,1526.0,33710000.0,65043000.0,127124000.0
Capitol Reef NP,2024,1422490.0,127194000.0,1237.0,36060000.0,74847000.0,141624000.0
Capulin Volcano NM,2017,59616.0,1756700.0,26.0,534900.0,884800.0,1719300.0
Capulin Volcano NM,2018,67410.0,2054000.0,28.0,652000.0,1099000.0,2067000.0
Capulin Volcano NM,2019,81617.0,2504000.0,35.0,796000.0,1343000.0,2524000.0
Capulin Volcano NM,2020,63335.0,1957000.0,27.0,623000.0,1052000.0,1976000.0
Capulin Volcano NM,2021,106623.0,3596000.0,45.0,1177000.0,1975000.0,3750000.0
Capulin Volcano NM,2022,88541.0,3029000.0,38.0,990000.0,1661000.0,3160000.0
Capulin Volcano NM,2023,88514.0,3070000.0,38.0,1002000.0,1681000.0,3204000.0
Capulin Volcano NM,2024,96078.0,3445000.0,32.0,1120000.0,2047000.0,3579000.0
Carl Sandburg Home NHS,2017,72777.0,4160899.9999999995,63.0,1693200.0,2873700.0,5138200.0
Carl Sandburg Home NHS,2018,72048.0,4255000.0,62.0,1806000.0,3052000.0,5346000.0
Carl Sandburg Home NHS,2019,78145.0,4648000.0,68.0,1976000.0,3340000.0,5848000.0
Carl Sandburg Home NHS,2020,42672.0,2557000.0,37.0,1089000.0,1840000.0,3221000.0
Carl Sandburg Home NHS,2021,47846.0,3115000.0,44.0,1351000.0,2275000.0,4122000.0
Carl Sandburg Home NHS,2022,79123.0,5225000.0,73.0,2263000.0,3809000.0,6912000.0
Carl Sandburg Home NHS,2023,149043.0,9982000.0,139.0,4316000.0,7267000.0,13205000.0
Carl Sandburg Home NHS,2024,113362.0,7977000.0,83.0,3262000.0,6022000.0,10310000.0
Carlsbad Caverns NP,2017,520026.0,32750000.0,458.0,11451900.0,19573000.0,36169000.0
Carlsbad Caverns NP,2018,465912.0,30238000.0,404.0,10985000.0,18580000.0,33994000.0
Carlsbad Caverns NP,2019,440691.0,28806000.0,385.0,10485000.0,17735000.0,32428000.0
Carlsbad Caverns NP,2020,183835.0,12100000.0,162.0,4413000.0,7464000.0,13639000.0
Carlsbad Caverns NP,2021,349244.0,25066000.0,312.0,8679000.0,14898000.0,27448000.0
Carlsbad Caverns NP,2022,390932.0,28452000.0,353.0,9838000.0,16890000.0,31166000.0
Carlsbad Caverns NP,2023,394121.0,29087000.0,359.0,10044000.0,17246000.0,31869000.0
Carlsbad Caverns NP,2024,460474.0,35714000.0,335.0,11964000.0,22305000.0,38538000.0
Carter G. Woodson Home NHS,2017,1884.0,34900.0,0.0,18400.0,31200.0,49500.0
Carter G. Woodson Home NHS,2018,1953.0,37000.0,0.0,20000.0,34000.0,54000.0
Carter G. Woodson Home NHS,2019,2380.0,46000.0,1.0,25000.0,42000.0,66000.0
Carter G. Woodson Home NHS,2020,548.0,11000.0,0.0,6000.0,10000.0,15000.0
Carter G. Woodson Home NHS,2021,0.0,0.0,0.0,0.0,0.0,0.0
Carter G. Woodson Home NHS,2022,0.0,0.0,0.0,0.0,0.0,0.0
Carter G. Woodson Home NHS,2023,0.0,0.0,0.0,0.0,0.0,0.0
Carter G. Woodson Home NHS,2024,30.0,1000.0,0.0,0.0,1000.0,1000.0
Casa Grande Ruins NM,2017,75583.0,4321400.0,65.0,2306000.0,3814400.0,6413700.0
Casa Grande Ruins NM,2018,62995.0,3720000.0,54.0,1932000.0,3316000.0,5533000.0
Casa Grande Ruins NM,2019,68380.0,4067000.0,59.0,2116000.0,3632000.0,6059000.0
Casa Grande Ruins NM,2020,44269.0,2652000.0,39.0,1382000.0,2373000.0,3956000.0
Casa Grande Ruins NM,2021,49261.0,3207000.0,44.0,1725000.0,2879000.0,4958000.0
Casa Grande Ruins NM,2022,78557.0,5187000.0,71.0,2786000.0,4649000.0,8017000.0
Casa Grande Ruins NM,2023,111392.0,7460000.0,102.0,4001000.0,6676000.0,11527000.0
Casa Grande Ruins NM,2024,104429.0,7349000.0,76.0,3772000.0,6741000.0,10991000.0
Castillo de San Marcos NM,2017,876976.0,50139800.0,776.0,22519200.0,38928500.0,67665600.0
Castillo de San Marcos NM,2018,748057.0,44175000.0,670.0,19844000.0,34457000.0,60094000.0
Castillo de San Marcos NM,2019,673395.0,40053000.0,607.0,18025000.0,31298000.0,54561000.0
Castillo de San Marcos NM,2020,251061.0,15042000.0,227.0,6781000.0,11775000.0,20518000.0
Castillo de San Marcos NM,2021,498623.0,32460000.0,469.0,15138000.0,25825000.0,46257000.0
Castillo de San Marcos NM,2022,624841.0,41259000.0,592.0,19210000.0,32775000.0,58786000.0
Castillo de San Marcos NM,2023,646703.0,43311000.0,617.0,20133000.0,34350000.0,61696000.0
Castillo de San Marcos NM,2024,579825.0,40801000.0,433.0,17585000.0,32726000.0,55523000.0
Castle Clinton NM,2017,4737113.0,114376700.0,1206.0,53475400.0,85710500.0,130282700.0
Castle Clinton NM,2018,4533564.0,113780000.0,1148.0,53525000.0,88247000.0,132616000.0
Castle Clinton NM,2019,4361034.0,110133000.0,1110.0,51951000.0,85654000.0,128641000.0
Castle Clinton NM,2020,633792.0,16106000.0,162.0,7618000.0,12560000.0,18852000.0
Castle Clinton NM,2021,1665660.0,46957000.0,465.0,23865000.0,37939000.0,59211000.0
Castle Clinton NM,2022,3471661.0,99259000.0,976.0,50383000.0,80097000.0,125214000.0
Castle Clinton NM,2023,3929749.0,113945000.0,1113.0,57752000.0,91814000.0,143765000.0
Castle Clinton NM,2024,3822759.0,113498000.0,869.0,52628000.0,91132000.0,137851000.0
Catoctin Mountain Park,2017,236243.0,14326100.0,183.0,7225300.0,12084100.0,19269900.0
Catoctin Mountain Park,2018,299860.0,18912000.0,240.0,9894000.0,16461000.0,25947000.0
Catoctin Mountain Park,2019,296845.0,18851000.0,239.0,9882000.0,16440000.0,25901000.0
Catoctin Mountain Park,2020,539983.0,35440000.0,448.0,18670000.0,31142000.0,49041000.0
Catoctin Mountain Park,2021,520339.0,37206000.0,452.0,20769000.0,33758000.0,54121000.0
Catoctin Mountain Park,2022,450322.0,13455000.0,147.0,6523000.0,10338000.0,16460000.0
Catoctin Mountain Park,2023,432492.0,13119000.0,142.0,6362000.0,10078000.0,16065000.0
Catoctin Mountain Park,2024,380681.0,11749000.0,91.0,4744000.0,8389000.0,13178000.0
Cedar Breaks NM,2017,909199.0,57185200.0,810.0,21309000.0,36258100.0,65711600.00000001
Cedar Breaks NM,2018,644515.0,41746000.0,579.0,15044000.0,26602000.0,48316000.0
Cedar Breaks NM,2019,579860.0,37822000.0,524.0,13656000.0,24147000.0,43832000.0
Cedar Breaks NM,2020,845866.0,55546000.0,768.0,20093000.0,35528000.0,64455000.0
Cedar Breaks NM,2021,772886.0,55340000.0,726.0,21505000.0,36862000.0,68780000.0
Cedar Breaks NM,2022,688644.0,50025000.0,653.0,19416000.0,33285000.0,62189000.0
Cedar Breaks NM,2023,614292.0,45233000.0,587.0,17534000.0,30057000.0,56233000.0
Cedar Breaks NM,2024,722834.0,55859000.0,547.0,20779000.0,38877000.0,67180000.0
Cesar E. Chavez NM,2017,15472.0,884600.0,11.0,462800.0,743900.0,1219600.0
Cesar E. Chavez NM,2018,12769.0,754000.0,10.0,405000.0,657000.0,1043000.0
Cesar E. Chavez NM,2019,16489.0,981000.0,13.0,528000.0,856000.0,1358000.0
Cesar E. Chavez NM,2020,5668.0,339000.0,4.0,183000.0,297000.0,471000.0
Cesar E. Chavez NM,2021,9164.0,596000.0,7.0,345000.0,541000.0,872000.0
Cesar E. Chavez NM,2022,11585.0,765000.0,9.0,442000.0,693000.0,1118000.0
Cesar E. Chavez NM,2023,12007.0,804000.0,10.0,464000.0,727000.0,1175000.0
Cesar E. Chavez NM,2024,26641.0,1875000.0,18.0,968000.0,1657000.0,2618000.0
Chaco Culture NHP,2017,55333.0,2928700.0,44.0,1152300.0,1982800.0,3638300.0
Chaco Culture NHP,2018,57781.0,3366000.0,49.0,1349000.0,2349000.0,4241000.0
Chaco Culture NHP,2019,47342.0,2741000.0,40.0,1100000.0,1912000.0,3447000.0
Chaco Culture NHP,2020,8231.0,525000.0,8.0,213000.0,374000.0,675000.0
Chaco Culture NHP,2021,31922.0,2062000.0,28.0,821000.0,1431000.0,2631000.0
Chaco Culture NHP,2022,41594.0,2525000.0,33.0,994000.0,1722000.0,3152000.0
Chaco Culture NHP,2023,40198.0,2532000.0,33.0,999000.0,1734000.0,3185000.0
Chaco Culture NHP,2024,37840.0,2456000.0,24.0,940000.0,1724000.0,3001000.0
Chamizal NMEM,2017,86400.0,4939800.0,77.0,1820900.0,3226300.0,6071700.0
Chamizal NMEM,2018,66480.0,3926000.0,58.0,1565000.0,2663000.0,4924000.0
Chamizal NMEM,2019,38228.0,2274000.0,34.0,908000.0,1545000.0,2856000.0
Chamizal NMEM,2020,19180.0,1149000.0,17.0,460000.0,782000.0,1445000.0
Chamizal NMEM,2021,19600.0,1275000.0,19.0,534000.0,849000.0,1656000.0
Chamizal NMEM,2022,17673.0,1167000.0,17.0,488000.0,776000.0,1515000.0
Chamizal NMEM,2023,8324.0,557000.0,8.0,233000.0,370000.0,723000.0
Chamizal NMEM,2024,6627.0,466000.0,5.0,174000.0,322000.0,585000.0
Channel Islands NP,2017,383687.0,23095100.0,308.0,12296300.0,19927000.0,32268800.0
Channel Islands NP,2018,366249.0,22907000.0,286.0,12537000.0,20543000.0,32437000.0
Channel Islands NP,2019,409630.0,25285000.0,314.0,13835000.0,22621000.0,35685000.0
Channel Islands NP,2020,167290.0,9816000.0,122.0,5348000.0,8686000.0,13679000.0
Channel Islands NP,2021,319252.0,21278000.0,254.0,12373000.0,19516000.0,31155000.0
Channel Islands NP,2022,323245.0,21775000.0,258.0,12639000.0,19935000.0,31853000.0
Channel Islands NP,2023,328746.0,22588000.0,266.0,13111000.0,20685000.0,33094000.0
Channel Islands NP,2024,262581.0,17742000.0,161.0,9228000.0,15833000.0,24863000.0
Charles Pinckney NHS,2017,53745.0,3072800.0,45.0,1295000.0,2274500.0,3825100.0
Charles Pinckney NHS,2018,34354.0,2029000.0,27.0,881000.0,1541000.0,2555000.0
Charles Pinckney NHS,2019,35495.0,2111000.0,28.0,919000.0,1607000.0,2662000.0
Charles Pinckney NHS,2020,23723.0,1421000.0,19.0,620000.0,1084000.0,1795000.0
Charles Pinckney NHS,2021,24854.0,1618000.0,21.0,705000.0,1220000.0,2103000.0
Charles Pinckney NHS,2022,12585.0,831000.0,11.0,361000.0,625000.0,1080000.0
Charles Pinckney NHS,2023,32109.0,2151000.0,28.0,934000.0,1616000.0,2795000.0
Charles Pinckney NHS,2024,30903.0,2175000.0,22.0,886000.0,1708000.0,2830000.0
Charles Young Buffalo Soldiers NM,2017,12405.0,709200.0,10.0,314200.0,518900.0,924400.0
Charles Young Buffalo Soldiers NM,2018,31448.0,1857000.0,29.0,829000.0,1385000.0,2457000.0
Charles Young Buffalo Soldiers NM,2019,14105.0,839000.0,13.0,375000.0,627000.0,1111000.0
Charles Young Buffalo Soldiers NM,2020,2461.0,147000.0,2.0,66000.0,110000.0,195000.0
Charles Young Buffalo Soldiers NM,2021,8110.0,528000.0,8.0,256000.0,404000.0,734000.0
Charles Young Buffalo Soldiers NM,2022,3518.0,232000.0,3.0,113000.0,178000.0,323000.0
Charles Young Buffalo Soldiers NM,2023,3302.0,221000.0,3.0,107000.0,169000.0,307000.0
Charles Young Buffalo Soldiers NM,2024,4716.0,332000.0,4.0,143000.0,249000.0,428000.0
Chattahoochee River NRA,2017,2768500.0,118221700.0,1723.0,57952900.0,97127400.0,164861700.0
Chattahoochee River NRA,2018,2873866.0,127558000.0,1824.0,62750000.0,106087000.0,178967000.0
Chattahoochee River NRA,2019,3393134.0,151634000.0,2164.0,74757000.0,126388000.0,213122000.0
Chattahoochee River NRA,2020,3066878.0,137982000.0,1966.0,68174000.0,115257000.0,194271000.0
Chattahoochee River NRA,2021,3256151.0,160343000.0,2168.0,81410000.0,135817000.0,235592000.0
Chattahoochee River NRA,2022,3537848.0,176660000.0,2372.0,89583000.0,149455000.0,259566000.0
Chattahoochee River NRA,2023,3183081.0,161166000.0,2149.0,81617000.0,136168000.0,236780000.0
Chattahoochee River NRA,2024,2940804.0,155445000.0,1564.0,73014000.0,132356000.0,216838000.0
Chesapeake & Ohio Canal NHP,2017,4859573.0,89492600.0,1237.0,46564400.0,78936800.0,127569400.0
Chesapeake & Ohio Canal NHP,2018,4438818.0,84471000.0,1140.0,45291000.0,76569000.0,122217000.0
Chesapeake & Ohio Canal NHP,2019,5116787.0,98442000.0,1326.0,52901000.0,89474000.0,142768000.0
Chesapeake & Ohio Canal NHP,2020,4888436.0,94475000.0,1270.0,50814000.0,85913000.0,137032000.0
Chesapeake & Ohio Canal NHP,2021,5005217.0,104456000.0,1364.0,59764000.0,98617000.0,160941000.0
Chesapeake & Ohio Canal NHP,2022,4286185.0,90738000.0,1177.0,51826000.0,85518000.0,139746000.0
Chesapeake & Ohio Canal NHP,2023,4470592.0,96011000.0,1236.0,54746000.0,90338000.0,147816000.0
Chesapeake & Ohio Canal NHP,2024,4421276.0,100496000.0,976.0,50717000.0,92200000.0,143912000.0
Chickamauga & Chattanooga NMP,2017,994537.0,56832500.0,883.0,22192800.0,37384900.0,69325300.0
Chickamauga & Chattanooga NMP,2018,945961.0,55839000.0,837.0,22280000.0,38020000.0,69247000.0
Chickamauga & Chattanooga NMP,2019,977157.0,58100000.0,870.0,23225000.0,39632000.0,72150000.0
Chickamauga & Chattanooga NMP,2020,678414.0,40639000.0,608.0,16273000.0,27771000.0,50533000.0
Chickamauga & Chattanooga NMP,2021,945390.0,61521000.0,881.0,25547000.0,41984000.0,78685000.0
Chickamauga & Chattanooga NMP,2022,964272.0,63644000.0,905.0,26387000.0,43365000.0,81396000.0
Chickamauga & Chattanooga NMP,2023,1021822.0,68402000.0,967.0,28314000.0,46534000.0,87476000.0
Chickamauga & Chattanooga NMP,2024,1003081.0,70550000.0,746.0,26705000.0,49410000.0,87209000.0
Chickasaw NRA,2017,1533684.0,24089600.0,244.0,6256200.0,9990800.0,18271200.0
Chickasaw NRA,2018,1477906.0,24229000.0,241.0,6330000.0,10279000.0,18951000.0
Chickasaw NRA,2019,1422612.0,23444000.0,232.0,6115000.0,9955000.0,18348000.0
Chickasaw NRA,2020,1348122.0,22336000.0,218.0,5787000.0,9467000.0,17456000.0
Chickasaw NRA,2021,1517102.0,28756000.0,267.0,7444000.0,12063000.0,24164000.0
Chickasaw NRA,2022,1455530.0,27957000.0,258.0,7206000.0,11691000.0,23493000.0
Chickasaw NRA,2023,2082326.0,40556000.0,370.0,10330000.0,16813000.0,34005000.0
Chickasaw NRA,2024,1670498.0,31681000.0,218.0,7914000.0,14343000.0,25339000.0
Chiricahua NM,2017,63132.0,3650600.0,52.0,1185800.0,1992100.0,3813600.0
Chiricahua NM,2018,60578.0,3630000.0,51.0,1101000.0,1983000.0,3847000.0
Chiricahua NM,2019,60655.0,3669000.0,52.0,1115000.0,2010000.0,3896000.0
Chiricahua NM,2020,44794.0,2746000.0,39.0,836000.0,1510000.0,2926000.0
Chiricahua NM,2021,53413.0,3469000.0,42.0,1205000.0,2045000.0,3727000.0
Chiricahua NM,2022,61377.0,4063000.0,49.0,1410000.0,2395000.0,4374000.0
Chiricahua NM,2023,62582.0,4229000.0,51.0,1467000.0,2493000.0,4561000.0
Chiricahua NM,2024,71390.0,5122000.0,50.0,1712000.0,3184000.0,5655000.0
Christiansted NHS,2017,96780.0,5533300.0,69.0,2650300.0,4518400.0,7221100.0
Christiansted NHS,2018,107495.0,6348000.0,71.0,2944000.0,5266000.0,8150000.0
Christiansted NHS,2019,103594.0,6162000.0,69.0,2863000.0,5122000.0,7923000.0
Christiansted NHS,2020,23816.0,1427000.0,16.0,670000.0,1198000.0,1852000.0
Christiansted NHS,2021,91200.0,5937000.0,61.0,2766000.0,4967000.0,7653000.0
Christiansted NHS,2022,96587.0,6378000.0,65.0,2966000.0,5327000.0,8221000.0
Christiansted NHS,2023,107171.0,7178000.0,73.0,3333000.0,5986000.0,9251000.0
Christiansted NHS,2024,124539.0,8763000.0,72.0,3841000.0,7430000.0,11215000.0
City of Rocks NRES,2017,130276.0,7448400.0,111.0,2870200.0,4621300.0,8429200.0
City of Rocks NRES,2018,142249.0,8400000.0,122.0,3143000.0,5315000.0,9699000.0
City of Rocks NRES,2019,99311.0,5907000.0,86.0,2214000.0,3744000.0,6829000.0
City of Rocks NRES,2020,110202.0,6603000.0,96.0,2479000.0,4192000.0,7643000.0
City of Rocks NRES,2021,97376.0,6339000.0,84.0,2400000.0,4083000.0,7539000.0
City of Rocks NRES,2022,83996.0,5546000.0,73.0,2097000.0,3567000.0,6596000.0
City of Rocks NRES,2023,92059.0,6165000.0,81.0,2327000.0,3958000.0,7333000.0
City of Rocks NRES,2024,89949.0,6329000.0,62.0,2307000.0,4270000.0,7371000.0
Clara Barton NHS,2017,0.0,0.0,0.0,0.0,0.0,0.0
Clara Barton NHS,2018,425.0,25000.0,0.0,13000.0,22000.0,35000.0
Clara Barton NHS,2019,4100.0,244000.0,3.0,131000.0,217000.0,341000.0
Clara Barton NHS,2020,449.0,27000.0,0.0,14000.0,24000.0,38000.0
Clara Barton NHS,2021,0.0,0.0,0.0,0.0,0.0,0.0
Clara Barton NHS,2022,673.0,45000.0,1.0,25000.0,41000.0,66000.0
Clara Barton NHS,2023,4223.0,283000.0,3.0,160000.0,262000.0,421000.0
Clara Barton NHS,2024,13334.0,938000.0,9.0,467000.0,845000.0,1310000.0
Colonial NHP,2017,3333448.0,190585000.0,3014.0,87016900.0,149910200.0,264867900.00000003
Colonial NHP,2018,3294224.0,331575000.0,5020.0,125346000.0,232672000.0,415802000.0
Colonial NHP,2019,3327269.0,337484000.0,5104.0,127744000.0,237125000.0,423579000.0
Colonial NHP,2020,2946595.0,301179000.0,4549.0,114145000.0,211882000.0,378328000.0
Colonial NHP,2021,3114420.0,336833000.0,5039.0,143481000.0,245082000.0,453114000.0
Colonial NHP,2022,2762273.0,303110000.0,4509.0,128874000.0,220132000.0,407623000.0
Colonial NHP,2023,2691931.0,299705000.0,4433.0,127185000.0,217247000.0,402914000.0
Colonial NHP,2024,2551228.0,317919000.0,3324.0,118034000.0,224681000.0,388572000.0
Colorado NM,2017,375036.0,22928900.0,329.0,8985700.0,15518200.0,28028600.0
Colorado NM,2018,375467.0,23722000.0,332.0,9122000.0,16096000.0,28929000.0
Colorado NM,2019,397032.0,25182000.0,352.0,9700000.0,17109000.0,30731000.0
Colorado NM,2020,435625.0,28060000.0,392.0,10836000.0,19134000.0,34356000.0
Colorado NM,2021,499841.0,34948000.0,453.0,13699000.0,23700000.0,43630000.0
Colorado NM,2022,480442.0,34055000.0,438.0,13332000.0,23066000.0,42518000.0
Colorado NM,2023,486179.0,34997000.0,448.0,13686000.0,23682000.0,43714000.0
Colorado NM,2024,488038.0,37123000.0,348.0,13834000.0,26563000.0,45005000.0
Congaree NP,2017,159595.0,7827500.0,101.0,2856700.0,5168700.0,9068200.0
Congaree NP,2018,145928.0,7415000.0,93.0,2844000.0,5072000.0,8730000.0
Congaree NP,2019,159445.0,8173000.0,102.0,3143000.0,5606000.0,9643000.0
Congaree NP,2020,119306.0,6186000.0,77.0,2387000.0,4259000.0,7321000.0
Congaree NP,2021,215181.0,12311000.0,145.0,4727000.0,8416000.0,14808000.0
Congaree NP,2022,204522.0,11831000.0,138.0,4534000.0,8073000.0,14224000.0
Congaree NP,2023,250114.0,14881000.0,173.0,5713000.0,10182000.0,17955000.0
Congaree NP,2024,242049.0,14609000.0,134.0,5229000.0,10373000.0,17586000.0
Coronado NMEM,2017,131615.0,7524900.0,113.0,3114600.0,5290100.0,9394400.0
Coronado NMEM,2018,103217.0,6095000.0,93.0,2407000.0,4310000.0,7734000.0
Coronado NMEM,2019,130328.0,7752000.0,118.0,3067000.0,5491000.0,9849000.0
Coronado NMEM,2020,156200.0,9359000.0,143.0,3709000.0,6640000.0,11906000.0
Coronado NMEM,2021,129758.0,8447000.0,112.0,3776000.0,6276000.0,11087000.0
Coronado NMEM,2022,131359.0,8674000.0,114.0,3871000.0,6434000.0,11384000.0
Coronado NMEM,2023,140089.0,9381000.0,123.0,4180000.0,6948000.0,12311000.0
Coronado NMEM,2024,164426.0,11570000.0,118.0,4883000.0,8813000.0,14892000.0
Cowpens NB,2017,212692.0,13388400.0,198.0,6217400.0,10684100.0,18443700.0
Cowpens NB,2018,189411.0,12289000.0,174.0,5940000.0,9990000.0,16938000.0
Cowpens NB,2019,223413.0,14606000.0,207.0,7074000.0,11897000.0,20162000.0
Cowpens NB,2020,226902.0,14938000.0,211.0,7248000.0,12191000.0,20649000.0
Cowpens NB,2021,204811.0,14703000.0,204.0,7390000.0,12256000.0,21391000.0
Cowpens NB,2022,212534.0,15469000.0,213.0,7765000.0,12878000.0,22503000.0
Cowpens NB,2023,226369.0,16706000.0,229.0,8375000.0,13891000.0,24299000.0
Cowpens NB,2024,156287.0,12118000.0,130.0,5630000.0,10153000.0,17160000.0
Crater Lake NP,2017,711749.0,59899500.0,981.0,26785400.0,43488300.0,80578300.0
Crater Lake NP,2018,720658.0,62399000.0,903.0,29473000.0,48410000.0,83368000.0
Crater Lake NP,2019,704511.0,61780000.0,892.0,29210000.0,48118000.0,82859000.0
Crater Lake NP,2020,670501.0,58562000.0,843.0,27714000.0,45622000.0,78495000.0
Crater Lake NP,2021,647751.0,61964000.0,887.0,33579000.0,51661000.0,90509000.0
Crater Lake NP,2022,527259.0,51208000.0,728.0,27714000.0,42626000.0,74757000.0
Crater Lake NP,2023,559976.0,55235000.0,780.0,29848000.0,45883000.0,80551000.0
Crater Lake NP,2024,504942.0,53516000.0,564.0,25152000.0,43405000.0,74295000.0
Craters of the Moon NM & PRES,2017,285228.0,9713100.0,146.0,3452000.0,5565000.0,10860100.0
Craters of the Moon NM & PRES,2018,263506.0,9191000.0,131.0,3272000.0,5536000.0,10509000.0
Craters of the Moon NM & PRES,2019,272224.0,9579000.0,136.0,3418000.0,5787000.0,10979000.0
Craters of the Moon NM & PRES,2020,250871.0,8880000.0,126.0,3175000.0,5374000.0,10188000.0
Craters of the Moon NM & PRES,2021,270829.0,10521000.0,140.0,3868000.0,6490000.0,12379000.0
Craters of the Moon NM & PRES,2022,237774.0,9362000.0,124.0,3438000.0,5770000.0,11017000.0
Craters of the Moon NM & PRES,2023,257598.0,10301000.0,136.0,3780000.0,6346000.0,12135000.0
Craters of the Moon NM & PRES,2024,314118.0,13093000.0,124.0,4911000.0,8742000.0,15441000.0
Cumberland Gap NHP,2017,737547.0,46142400.0,673.0,18994900.0,32283200.0,57981100.0
Cumberland Gap NHP,2018,684191.0,44120000.0,603.0,18790000.0,32320000.0,56375000.0
Cumberland Gap NHP,2019,704599.0,45700000.0,623.0,19500000.0,33534000.0,58458000.0
Cumberland Gap NHP,2020,735447.0,47992000.0,653.0,20516000.0,35278000.0,61463000.0
Cumberland Gap NHP,2021,814119.0,57767000.0,775.0,26091000.0,43669000.0,78283000.0
Cumberland Gap NHP,2022,732916.0,23245000.0,284.0,8010000.0,13640000.0,25237000.0
Cumberland Gap NHP,2023,797346.0,25634000.0,312.0,8823000.0,15023000.0,27833000.0
Cumberland Gap NHP,2024,729249.0,23973000.0,201.0,6683000.0,13410000.0,24310000.0
Cumberland Island NS,2017,51938.0,2122400.0,30.0,917100.0,1527000.0,2638500.0
Cumberland Island NS,2018,55649.0,2330000.0,32.0,1010000.0,1676000.0,2875000.0
Cumberland Island NS,2019,53905.0,2275000.0,32.0,989000.0,1642000.0,2816000.0
Cumberland Island NS,2020,37295.0,1614000.0,22.0,704000.0,1178000.0,2022000.0
Cumberland Island NS,2021,72240.0,3423000.0,45.0,1537000.0,2554000.0,4524000.0
Cumberland Island NS,2022,64387.0,3091000.0,41.0,1386000.0,2304000.0,4085000.0
Cumberland Island NS,2023,73812.0,3609000.0,47.0,1617000.0,2691000.0,4780000.0
Cumberland Island NS,2024,64706.0,3298000.0,32.0,1361000.0,2483000.0,4156000.0
Curecanti NRA,2017,1041446.0,44112300.0,551.0,17894900.0,30011700.0,49922300.0
Curecanti NRA,2018,931511.0,40976000.0,501.0,16147000.0,27812000.0,46337000.0
Curecanti NRA,2019,836034.0,37014000.0,452.0,14618000.0,25175000.0,41922000.0
Curecanti NRA,2020,921584.0,41107000.0,501.0,16272000.0,28032000.0,46653000.0
Curecanti NRA,2021,1043725.0,51045000.0,579.0,20643000.0,34259000.0,59799000.0
Curecanti NRA,2022,992749.0,49301000.0,556.0,19920000.0,33071000.0,57818000.0
Curecanti NRA,2023,957635.0,48137000.0,539.0,19415000.0,32221000.0,56415000.0
Curecanti NRA,2024,980899.0,51506000.0,412.0,19039000.0,35676000.0,57165000.0
Cuyahoga Valley NP,2017,2226879.0,63098600.0,931.0,26600700.0,44137600.0,78148100.0
Cuyahoga Valley NP,2018,2096053.0,36811000.0,540.0,18481000.0,30864000.0,53263000.0
Cuyahoga Valley NP,2019,2237997.0,39503000.0,579.0,19865000.0,33169000.0,57220000.0
Cuyahoga Valley NP,2020,2755628.0,48457000.0,709.0,24396000.0,40703000.0,70207000.0
Cuyahoga Valley NP,2021,2575275.0,48712000.0,681.0,26464000.0,41878000.0,75054000.0
Cuyahoga Valley NP,2022,2913312.0,55996000.0,778.0,30380000.0,48069000.0,86244000.0
Cuyahoga Valley NP,2023,2860059.0,138684000.0,2136.0,83701000.0,130956000.0,224751000.0
Cuyahoga Valley NP,2024,2912454.0,143920000.0,1598.0,71532000.0,126137000.0,213710000.0
Dayton Aviation Heritage NHP,2017,99700.0,5760200.0,96.0,3056400.0,5161700.0,8969400.0
Dayton Aviation Heritage NHP,2018,93541.0,5566000.0,91.0,3011000.0,5071000.0,8680000.0
Dayton Aviation Heritage NHP,2019,94708.0,5679000.0,92.0,3076000.0,5180000.0,8865000.0
Dayton Aviation Heritage NHP,2020,39852.0,2408000.0,39.0,1306000.0,2199000.0,3762000.0
Dayton Aviation Heritage NHP,2021,65735.0,4272000.0,68.0,2494000.0,3991000.0,7061000.0
Dayton Aviation Heritage NHP,2022,81303.0,5362000.0,85.0,3124000.0,4999000.0,8857000.0
Dayton Aviation Heritage NHP,2023,89976.0,6023000.0,95.0,3501000.0,5604000.0,9941000.0
Dayton Aviation Heritage NHP,2024,87032.0,6270000.0,73.0,3285000.0,5756000.0,9737000.0
De Soto NMEM,2017,233355.0,13341700.0,204.0,6643700.0,11315700.0,19233300.0
De Soto NMEM,2018,210993.0,12460000.0,187.0,6114000.0,10566000.0,17947000.0
De Soto NMEM,2019,187880.0,11175000.0,167.0,5493000.0,9494000.0,16119000.0
De Soto NMEM,2020,196114.0,11750000.0,175.0,5786000.0,10000000.0,16971000.0
De Soto NMEM,2021,222380.0,14476000.0,208.0,7400000.0,12390000.0,21777000.0
De Soto NMEM,2022,173150.0,11433000.0,163.0,5835000.0,9770000.0,17195000.0
De Soto NMEM,2023,231892.0,15530000.0,220.0,7913000.0,13250000.0,23350000.0
De Soto NMEM,2024,155016.0,10909000.0,117.0,5121000.0,9399000.0,15711000.0
Death Valley NP,2017,1294827.0,106839200.0,1393.0,49949800.0,84839400.0,137800900.0
Death Valley NP,2018,1678659.0,141260000.0,1743.0,67734000.0,114308000.0,182390000.0
Death Valley NP,2019,1740945.0,147122000.0,1811.0,70634000.0,119244000.0,190145000.0
Death Valley NP,2020,820023.0,68752000.0,845.0,33079000.0,55548000.0,88425000.0
Death Valley NP,2021,1146551.0,104182000.0,1228.0,51126000.0,86399000.0,138262000.0
Death Valley NP,2022,1128862.0,104819000.0,1228.0,51435000.0,86947000.0,139299000.0
Death Valley NP,2023,1099632.0,103270000.0,1203.0,50595000.0,85582000.0,137280000.0
Death Valley NP,2024,1440484.0,146167000.0,1343.0,66664000.0,119573000.0,191059000.0
Delaware Water Gap NRA,2017,3400945.0,113574100.0,1625.0,65730899.99999999,105856000.0,165482200.0
Delaware Water Gap NRA,2018,3261921.0,113209000.0,1557.0,64540000.0,107481000.0,166325000.0
Delaware Water Gap NRA,2019,3374865.0,118076000.0,1621.0,67406000.0,112257000.0,173694000.0
Delaware Water Gap NRA,2020,4068529.0,143608000.0,1968.0,82119000.0,136771000.0,211591000.0
Delaware Water Gap NRA,2021,4340902.0,163399000.0,2290.0,108567000.0,163078000.0,260070000.0
Delaware Water Gap NRA,2022,4380225.0,167208000.0,2329.0,110908000.0,166593000.0,266010000.0
Delaware Water Gap NRA,2023,4207541.0,166324000.0,2236.0,96175000.0,144630000.0,235598000.0
Delaware Water Gap NRA,2024,4079763.0,164196000.0,1580.0,76077000.0,127771000.0,210658000.0
Denali NP & PRES,2017,642809.0,632370400.0,8154.0,293019800.0,558321100.0,924184000.0
Denali NP & PRES,2018,594661.0,602445000.0,7368.0,282255000.0,530916000.0,858582000.0
Denali NP & PRES,2019,601152.0,612770000.0,7490.0,287751000.0,541354000.0,874209000.0
Denali NP & PRES,2020,54849.0,57713000.0,703.0,27170000.0,51229000.0,82511000.0
Denali NP & PRES,2021,229521.0,255220000.0,3585.0,139985000.0,224864000.0,383763000.0
Denali NP & PRES,2022,427562.0,474887000.0,6641.0,260213000.0,417656000.0,713505000.0
Denali NP & PRES,2023,498722.0,559409000.0,7785.0,306273000.0,491620000.0,840346000.0
Denali NP & PRES,2024,466227.0,611952000.0,5659.0,297298000.0,539589000.0,879690000.0
Devils Postpile NM,2017,109571.0,6901400.0,96.0,2835800.0,4653100.0,8188200.0
Devils Postpile NM,2018,139724.0,9069000.0,113.0,3830000.0,6345000.0,10618000.0
Devils Postpile NM,2019,147864.0,9667000.0,120.0,4090000.0,6776000.0,11333000.0
Devils Postpile NM,2020,108589.0,7149000.0,89.0,3030000.0,5020000.0,8392000.0
Devils Postpile NM,2021,145387.0,10437000.0,127.0,4730000.0,7573000.0,13030000.0
Devils Postpile NM,2022,144453.0,10514000.0,127.0,4759000.0,7620000.0,13127000.0
Devils Postpile NM,2023,86132.0,6357000.0,76.0,2874000.0,4601000.0,7937000.0
Devils Postpile NM,2024,94215.0,7307000.0,70.0,2965000.0,5170000.0,8660000.0
Devils Tower NM,2017,499030.0,31056000.0,442.0,11959300.0,21042700.0,38687900.0
Devils Tower NM,2018,468215.0,30016000.0,414.0,12209000.0,21125000.0,38170000.0
Devils Tower NM,2019,450786.0,29189000.0,402.0,11895000.0,20593000.0,37193000.0
Devils Tower NM,2020,423997.0,27914000.0,385.0,11394000.0,19765000.0,35690000.0
Devils Tower NM,2021,550712.0,39420000.0,522.0,15650000.0,27671000.0,51310000.0
Devils Tower NM,2022,480713.0,34868000.0,459.0,13824000.0,24442000.0,45382000.0
Devils Tower NM,2023,511205.0,37603000.0,492.0,14889000.0,26326000.0,48944000.0
Devils Tower NM,2024,540890.0,41734000.0,407.0,15647000.0,30340000.0,52289000.0
Dinosaur NM,2017,315859.0,18479400.0,231.0,7105800.0,12078100.0,20400200.0
Dinosaur NM,2018,304468.0,18273000.0,223.0,6942000.0,11985000.0,20300000.0
Dinosaur NM,2019,298965.0,18044000.0,220.0,6868000.0,11855000.0,20066000.0
Dinosaur NM,2020,264145.0,16516000.0,202.0,6312000.0,10941000.0,18521000.0
Dinosaur NM,2021,359560.0,24331000.0,278.0,9412000.0,15898000.0,27699000.0
Dinosaur NM,2022,351019.0,23829000.0,270.0,9194000.0,15517000.0,27064000.0
Dinosaur NM,2023,326529.0,24120000.0,336.0,7995000.0,14632000.0,28403000.0
Dinosaur NM,2024,322113.0,24210000.0,243.0,6911000.0,14622000.0,26115000.0
Dry Tortugas NP,2017,54280.0,3190300.0,38.0,1252900.0,2152600.0,3496400.0
Dry Tortugas NP,2018,56810.0,3426000.0,39.0,1380000.0,2379000.0,3849000.0
Dry Tortugas NP,2019,79200.0,4836000.0,55.0,1953000.0,3370000.0,5448000.0
Dry Tortugas NP,2020,48542.0,2981000.0,34.0,1206000.0,2080000.0,3362000.0
Dry Tortugas NP,2021,83817.0,5696000.0,61.0,2294000.0,3892000.0,6456000.0
Dry Tortugas NP,2022,78488.0,5403000.0,58.0,2173000.0,3686000.0,6123000.0
Dry Tortugas NP,2023,84285.0,5885000.0,62.0,2364000.0,4010000.0,6671000.0
Dry Tortugas NP,2024,84873.0,6250000.0,49.0,2346000.0,4333000.0,6824000.0
Dwight D. Eisenhower MEM,2020,187328.0,3638000.0,47.0,1983000.0,3356000.0,5250000.0
Dwight D. Eisenhower MEM,2021,625740.0,13144000.0,166.0,7613000.0,12598000.0,20155000.0
Dwight D. Eisenhower MEM,2022,760603.0,16208000.0,203.0,9371000.0,15509000.0,24844000.0
Dwight D. Eisenhower MEM,2023,667492.0,14428000.0,179.0,8328000.0,13782000.0,22108000.0
Dwight D. Eisenhower MEM,2024,731476.0,16737000.0,158.0,8560000.0,15614000.0,23971000.0
Edgar Allan Poe NHS,2017,14878.0,850700.0,10.0,473500.0,770300.0,1240800.0
Edgar Allan Poe NHS,2018,16314.0,963000.0,14.0,547000.0,887000.0,1428000.0
Edgar Allan Poe NHS,2019,15528.0,924000.0,13.0,526000.0,852000.0,1371000.0
Edgar Allan Poe NHS,2020,2417.0,145000.0,2.0,83000.0,134000.0,215000.0
Edgar Allan Poe NHS,2021,0.0,0.0,0.0,0.0,0.0,0.0
Edgar Allan Poe NHS,2022,10726.0,708000.0,10.0,434000.0,674000.0,1123000.0
Edgar Allan Poe NHS,2023,15473.0,1036000.0,14.0,634000.0,985000.0,1644000.0
Edgar Allan Poe NHS,2024,8131.0,572000.0,6.0,311000.0,527000.0,846000.0
Effigy Mounds NM,2017,67006.0,4170500.0,67.0,1636700.0,2800700.0,5064000.0
Effigy Mounds NM,2018,55576.0,3583000.0,58.0,1418000.0,2430000.0,4464000.0
Effigy Mounds NM,2019,65582.0,4258000.0,68.0,1689000.0,2894000.0,5313000.0
Effigy Mounds NM,2020,18225.0,1192000.0,19.0,473000.0,811000.0,1489000.0
Effigy Mounds NM,2021,66734.0,4728000.0,72.0,1922000.0,3162000.0,6099000.0
Effigy Mounds NM,2022,56422.0,4053000.0,61.0,1646000.0,2707000.0,5230000.0
Effigy Mounds NM,2023,61795.0,4502000.0,68.0,1826000.0,3003000.0,5809000.0
Effigy Mounds NM,2024,61975.0,4753000.0,51.0,1801000.0,3302000.0,5897000.0
Eisenhower NHS,2017,50598.0,2892800.0,39.0,1506100.0,2474700.0,3949600.0
Eisenhower NHS,2018,42036.0,2482000.0,33.0,1325000.0,2180000.0,3443000.0
Eisenhower NHS,2019,47277.0,2812000.0,37.0,1504000.0,2474000.0,3906000.0
Eisenhower NHS,2020,7926.0,475000.0,6.0,254000.0,419000.0,661000.0
Eisenhower NHS,2021,16915.0,1101000.0,14.0,623000.0,1000000.0,1611000.0
Eisenhower NHS,2022,22250.0,1469000.0,18.0,830000.0,1332000.0,2149000.0
Eisenhower NHS,2023,98837.0,6620000.0,81.0,3733000.0,5993000.0,9681000.0
Eisenhower NHS,2024,123466.0,8689000.0,81.0,4312000.0,7657000.0,11913000.0
El Malpais NM,2017,161526.0,9235100.0,149.0,3808600.0,6573700.0,12147400.0
El Malpais NM,2018,154368.0,9116000.0,142.0,3795000.0,6559000.0,11974000.0
El Malpais NM,2019,158924.0,9453000.0,147.0,3942000.0,6814000.0,12434000.0
El Malpais NM,2020,139336.0,8348000.0,130.0,3488000.0,6028000.0,10995000.0
El Malpais NM,2021,181729.0,11830000.0,169.0,4966000.0,8516000.0,15854000.0
El Malpais NM,2022,162755.0,10747000.0,153.0,4504000.0,7724000.0,14402000.0
El Malpais NM,2023,167107.0,11191000.0,158.0,4682000.0,8031000.0,14995000.0
El Malpais NM,2024,163679.0,11518000.0,123.0,4716000.0,8603000.0,14999000.0
El Morro NM,2017,59012.0,3624400.0,52.0,1009900.0,1893000.0,3790800.0
El Morro NM,2018,65453.0,4155000.0,59.0,1168000.0,2167000.0,4329000.0
El Morro NM,2019,68868.0,4409000.0,63.0,1242000.0,2305000.0,4602000.0
El Morro NM,2020,36328.0,2343000.0,33.0,661000.0,1227000.0,2449000.0
El Morro NM,2021,66734.0,4698000.0,62.0,1424000.0,2586000.0,5081000.0
El Morro NM,2022,60501.0,4319000.0,56.0,1307000.0,2375000.0,4672000.0
El Morro NM,2023,54836.0,3987000.0,52.0,1205000.0,2191000.0,4319000.0
El Morro NM,2024,57827.0,4420000.0,43.0,1337000.0,2562000.0,4710000.0
Eleanor Roosevelt NHS,2017,67620.0,3866100.0,49.0,1959900.0,3268100.0,5075300.0
Eleanor Roosevelt NHS,2018,54649.0,3227000.0,39.0,1634000.0,2758000.0,4251000.0
Eleanor Roosevelt NHS,2019,47631.0,2833000.0,34.0,1437000.0,2426000.0,3737000.0
Eleanor Roosevelt NHS,2020,9575.0,574000.0,7.0,291000.0,492000.0,758000.0
Eleanor Roosevelt NHS,2021,12414.0,808000.0,10.0,441000.0,710000.0,1132000.0
Eleanor Roosevelt NHS,2022,19076.0,1260000.0,15.0,686000.0,1106000.0,1766000.0
Eleanor Roosevelt NHS,2023,17190.0,1151000.0,13.0,626000.0,1009000.0,1613000.0
Eleanor Roosevelt NHS,2024,23699.0,1668000.0,15.0,808000.0,1423000.0,2200000.0
Emmett Till and Mamie Till-Mobley NM,2024,3513.0,248000.0,2.0,108000.0,194000.0,318000.0
Eugene O'Neill NHS,2017,3931.0,224800.0,3.0,124500.0,196700.0,309900.0
Eugene O'Neill NHS,2018,3432.0,203000.0,2.0,116000.0,183000.0,278000.0
Eugene O'Neill NHS,2019,2945.0,175000.0,2.0,100000.0,159000.0,241000.0
Eugene O'Neill NHS,2020,14423.0,864000.0,10.0,495000.0,785000.0,1190000.0
Eugene O'Neill NHS,2021,22714.0,1479000.0,16.0,878000.0,1350000.0,2073000.0
Eugene O'Neill NHS,2022,18754.0,1238000.0,13.0,734000.0,1129000.0,1736000.0
Eugene O'Neill NHS,2023,15537.0,1041000.0,11.0,616000.0,948000.0,1459000.0
Eugene O'Neill NHS,2024,17653.0,1242000.0,10.0,672000.0,1132000.0,1682000.0
Everglades NP,2017,1018557.0,97398300.0,1320.0,51298300.0,89354800.0,144384700.0
Everglades NP,2018,597124.0,58664000.0,803.0,30497000.0,53840000.0,87604000.0
Everglades NP,2019,1118300.0,110371000.0,1508.0,57472000.0,101388000.0,164874000.0
Everglades NP,2020,702319.0,69129000.0,944.0,36046000.0,63416000.0,103057000.0
Everglades NP,2021,942130.0,100209000.0,1401.0,53662000.0,91766000.0,154787000.0
Everglades NP,2022,1155193.0,124649000.0,1730.0,66665000.0,114028000.0,192518000.0
Everglades NP,2023,810189.0,120646000.0,1749.0,72267000.0,120342000.0,198231000.0
Everglades NP,2024,741983.0,114601000.0,1126.0,62589000.0,111133000.0,175943000.0
Federal Hall NMEM,2017,325498.0,18609800.0,222.0,10500100.0,16984100.0,25447800.0
Federal Hall NMEM,2018,230633.0,13619000.0,159.0,7515000.0,12690000.0,18921000.0
Federal Hall NMEM,2019,264849.0,15753000.0,184.0,8708000.0,14704000.0,21916000.0
Federal Hall NMEM,2020,13823.0,828000.0,10.0,459000.0,775000.0,1154000.0
Federal Hall NMEM,2021,4583.0,298000.0,3.0,178000.0,289000.0,438000.0
Federal Hall NMEM,2022,40229.0,2656000.0,29.0,1583000.0,2572000.0,3896000.0
Federal Hall NMEM,2023,76750.0,4777000.0,51.0,3060000.0,4933000.0,6897000.0
Federal Hall NMEM,2024,63314.0,4025000.0,32.0,2348000.0,4045000.0,5623000.0
Fire Island NS,2017,456393.0,19430900.0,209.0,10044500.0,16256300.0,24178700.0
Fire Island NS,2018,305710.0,13470000.0,144.0,6791000.0,11454000.0,17033000.0
Fire Island NS,2019,391311.0,17377000.0,186.0,8784000.0,14818000.0,22023000.0
Fire Island NS,2020,250449.0,11166000.0,120.0,5650000.0,9526000.0,14156000.0
Fire Island NS,2021,224924.0,11073000.0,110.0,6073000.0,9878000.0,14881000.0
Fire Island NS,2022,393749.0,19610000.0,193.0,10736000.0,17459000.0,26340000.0
Fire Island NS,2023,298958.0,15084000.0,147.0,8246000.0,13403000.0,20248000.0
Fire Island NS,2024,303731.0,16055000.0,122.0,8099000.0,14207000.0,20769000.0
First Ladies NHS,2017,13085.0,748100.0,10.0,378700.0,626000.0,1082700.0
First Ladies NHS,2018,11448.0,676000.0,11.0,347000.0,577000.0,998000.0
First Ladies NHS,2019,10913.0,649000.0,10.0,334000.0,555000.0,960000.0
First Ladies NHS,2020,2406.0,144000.0,2.0,74000.0,124000.0,214000.0
First Ladies NHS,2021,6562.0,427000.0,6.0,236000.0,372000.0,657000.0
First Ladies NHS,2022,7146.0,472000.0,7.0,261000.0,411000.0,726000.0
First Ladies NHS,2023,11187.0,749000.0,11.0,413000.0,651000.0,1152000.0
First Ladies NHS,2024,12642.0,890000.0,10.0,441000.0,764000.0,1291000.0
First State NHP,2023,143045.0,9580000.0,127.0,5873000.0,9103000.0,14882000.0
First State NHP,2024,208870.0,14698000.0,148.0,8004000.0,13490000.0,21323000.0
Flight 93 NMEM,2017,364083.0,20815900.0,325.0,10215200.0,16448599.999999998,28446200.0
Flight 93 NMEM,2018,381448.0,22526000.0,354.0,11212000.0,18192000.0,31621000.0
Flight 93 NMEM,2019,411225.0,24459000.0,384.0,12196000.0,19789000.0,34383000.0
Flight 93 NMEM,2020,244364.0,14641000.0,229.0,7313000.0,11866000.0,20608000.0
Flight 93 NMEM,2021,424224.0,27616000.0,398.0,14798000.0,23001000.0,40596000.0
Flight 93 NMEM,2022,346559.0,22884000.0,328.0,12243000.0,19030000.0,33631000.0
Flight 93 NMEM,2023,377810.0,25303000.0,360.0,13515000.0,21008000.0,37178000.0
Flight 93 NMEM,2024,349566.0,24598000.0,266.0,12010000.0,20483000.0,34434000.0
Florissant Fossil Beds NM,2017,71763.0,4103000.0,60.0,2151800.0,3596700.0,5933000.0
Florissant Fossil Beds NM,2018,79568.0,4699000.0,66.0,2443000.0,4185000.0,6853000.0
Florissant Fossil Beds NM,2019,77339.0,4600000.0,64.0,2396000.0,4105000.0,6718000.0
Florissant Fossil Beds NM,2020,61081.0,3660000.0,51.0,1909000.0,3271000.0,5352000.0
Florissant Fossil Beds NM,2021,75128.0,4890000.0,64.0,2657000.0,4376000.0,7386000.0
Florissant Fossil Beds NM,2022,67174.0,4436000.0,58.0,2407000.0,3963000.0,6698000.0
Florissant Fossil Beds NM,2023,63739.0,4269000.0,55.0,2312000.0,3808000.0,6444000.0
Florissant Fossil Beds NM,2024,71499.0,5031000.0,47.0,2484000.0,4495000.0,7090000.0
Ford's Theatre NHS,2017,744266.0,13780000.0,185.0,7262600.0,12335000.0,19555300.0
Ford's Theatre NHS,2018,533410.0,10204000.0,133.0,5545000.0,9384000.0,14692000.0
Ford's Theatre NHS,2019,572373.0,11031000.0,143.0,6004000.0,10160000.0,15901000.0
Ford's Theatre NHS,2020,56058.0,1089000.0,14.0,593000.0,1004000.0,1571000.0
Ford's Theatre NHS,2021,101146.0,2124000.0,27.0,1230000.0,2036000.0,3258000.0
Ford's Theatre NHS,2022,319596.0,6810000.0,85.0,3938000.0,6516000.0,10439000.0
Ford's Theatre NHS,2023,393214.0,8500000.0,106.0,4906000.0,8119000.0,13024000.0
Ford's Theatre NHS,2024,457132.0,10460000.0,99.0,5350000.0,9758000.0,14981000.0
Fort Bowie NHS,2017,8491.0,485500.0,8.0,197200.0,335700.0,597200.0
Fort Bowie NHS,2018,8400.0,496000.0,8.0,193000.0,346000.0,621000.0
Fort Bowie NHS,2019,7577.0,451000.0,7.0,176000.0,315000.0,565000.0
Fort Bowie NHS,2020,6455.0,387000.0,6.0,151000.0,271000.0,485000.0
Fort Bowie NHS,2021,9280.0,604000.0,8.0,265000.0,441000.0,779000.0
Fort Bowie NHS,2022,7913.0,334000.0,4.0,122000.0,205000.0,357000.0
Fort Bowie NHS,2023,8333.0,358000.0,4.0,131000.0,219000.0,382000.0
Fort Bowie NHS,2024,8483.0,372000.0,3.0,121000.0,225000.0,399000.0
Fort Caroline NMEM,2017,243961.0,13948100.0,214.0,6539500.0,11220600.0,19362500.0
Fort Caroline NMEM,2018,203276.0,12004000.0,182.0,5676000.0,9789000.0,16897000.0
Fort Caroline NMEM,2019,187657.0,11162000.0,169.0,5288000.0,9119000.0,15733000.0
Fort Caroline NMEM,2020,404476.0,24234000.0,366.0,11500000.0,19833000.0,34203000.0
Fort Caroline NMEM,2021,323852.0,21082000.0,305.0,10249000.0,17402000.0,30796000.0
Fort Caroline NMEM,2022,329363.0,21748000.0,312.0,10556000.0,17924000.0,31761000.0
Fort Caroline NMEM,2023,324004.0,21699000.0,309.0,10515000.0,17856000.0,31683000.0
Fort Caroline NMEM,2024,260350.0,18320000.0,197.0,8414000.0,15428000.0,25952000.0
Fort Davis NHS,2017,60911.0,3482500.0,50.0,1050700.0,1970600.0,3660900.0
Fort Davis NHS,2018,49532.0,2925000.0,40.0,979000.0,1738000.0,3156000.0
Fort Davis NHS,2019,51995.0,3093000.0,43.0,1037000.0,1841000.0,3340000.0
Fort Davis NHS,2020,35920.0,2152000.0,30.0,723000.0,1283000.0,2327000.0
Fort Davis NHS,2021,48163.0,3135000.0,40.0,1188000.0,1835000.0,3369000.0
Fort Davis NHS,2022,45401.0,2998000.0,38.0,1134000.0,1752000.0,3222000.0
Fort Davis NHS,2023,40189.0,2692000.0,34.0,1017000.0,1571000.0,2894000.0
Fort Davis NHS,2024,42553.0,2994000.0,28.0,956000.0,1828000.0,3181000.0
Fort Donelson NB,2017,208817.0,13151200.0,182.0,6091000.0,10197000.0,17139100.0
Fort Donelson NB,2018,168985.0,10968000.0,134.0,5178000.0,8680000.0,14024000.0
Fort Donelson NB,2019,254431.0,16634000.0,203.0,7868000.0,13189000.0,21298000.0
Fort Donelson NB,2020,325496.0,21429000.0,261.0,10155000.0,17023000.0,27475000.0
Fort Donelson NB,2021,234898.0,16861000.0,201.0,8389000.0,13649000.0,22576000.0
Fort Donelson NB,2022,183638.0,13365000.0,158.0,6641000.0,10806000.0,17895000.0
Fort Donelson NB,2023,179950.0,5906000.0,77.0,2145000.0,3406000.0,6290000.0
Fort Donelson NB,2024,166026.0,5540000.0,51.0,1819000.0,3226000.0,5805000.0
Fort Frederica NM,2017,188089.0,10753700.0,165.0,4848200.0,8255100.0,14301600.0
Fort Frederica NM,2018,183591.0,10842000.0,159.0,4919000.0,8372000.0,14381000.0
Fort Frederica NM,2019,212330.0,12629000.0,185.0,5740000.0,9771000.0,16775000.0
Fort Frederica NM,2020,210893.0,12636000.0,184.0,5753000.0,9793000.0,16806000.0
Fort Frederica NM,2021,84860.0,5524000.0,78.0,2622000.0,4376000.0,7689000.0
Fort Frederica NM,2022,245214.0,16192000.0,226.0,7673000.0,12808000.0,22534000.0
Fort Frederica NM,2023,286017.0,19156000.0,266.0,9063000.0,15128000.0,26654000.0
Fort Frederica NM,2024,243027.0,19048000.0,203.0,8174000.0,14980000.0,25396000.0
Fort Laramie NHS,2017,61513.0,3516900.0,54.0,1241400.0,2220300.0,4118500.0
Fort Laramie NHS,2018,52415.0,3095000.0,45.0,1105000.0,1989000.0,3655000.0
Fort Laramie NHS,2019,42893.0,2551000.0,37.0,912000.0,1642000.0,3016000.0
Fort Laramie NHS,2020,26066.0,1562000.0,23.0,559000.0,1007000.0,1848000.0
Fort Laramie NHS,2021,42904.0,2793000.0,39.0,1068000.0,1798000.0,3458000.0
Fort Laramie NHS,2022,39657.0,1221000.0,15.0,397000.0,657000.0,1293000.0
Fort Laramie NHS,2023,47155.0,1471000.0,18.0,478000.0,791000.0,1559000.0
Fort Laramie NHS,2024,44045.0,1401000.0,13.0,384000.0,724000.0,1384000.0
Fort Larned NHS,2017,29188.0,1730900.0,26.0,552700.0,980100.0,1921300.0
Fort Larned NHS,2018,29173.0,1783000.0,26.0,581000.0,1026000.0,2001000.0
Fort Larned NHS,2019,26958.0,1659000.0,24.0,542000.0,956000.0,1865000.0
Fort Larned NHS,2020,21895.0,1357000.0,20.0,444000.0,784000.0,1527000.0
Fort Larned NHS,2021,29442.0,2005000.0,27.0,638000.0,1167000.0,2259000.0
Fort Larned NHS,2022,26219.0,1811000.0,24.0,575000.0,1053000.0,2040000.0
Fort Larned NHS,2023,26113.0,1828000.0,24.0,580000.0,1062000.0,2060000.0
Fort Larned NHS,2024,26219.0,1897000.0,20.0,636000.0,1195000.0,2212000.0
Fort Matanzas NM,2017,578981.0,33102400.0,510.0,14996500.0,25931900.0,44919200.0
Fort Matanzas NM,2018,608102.0,35910000.0,546.0,16265000.0,28259000.0,49211000.0
Fort Matanzas NM,2019,593787.0,35318000.0,536.0,16026000.0,27843000.0,48467000.0
Fort Matanzas NM,2020,543590.0,32569000.0,493.0,14804000.0,25720000.0,44752000.0
Fort Matanzas NM,2021,562114.0,36592000.0,530.0,17155000.0,29331000.0,52491000.0
Fort Matanzas NM,2022,698895.0,46149000.0,663.0,21601000.0,36934000.0,66187000.0
Fort Matanzas NM,2023,711543.0,47654000.0,680.0,22270000.0,38079000.0,68331000.0
Fort Matanzas NM,2024,680040.0,47854000.0,506.0,20580000.0,38344000.0,64994000.0
Fort McHenry NM & HS,2017,591861.0,33838800.0,453.0,17685800.0,29545700.0,46918200.0
Fort McHenry NM & HS,2018,486113.0,28706000.0,382.0,15356000.0,25629000.0,40380000.0
Fort McHenry NM & HS,2019,419545.0,24954000.0,331.0,13372000.0,22319000.0,35150000.0
Fort McHenry NM & HS,2020,163224.0,9779000.0,130.0,5250000.0,8762000.0,13793000.0
Fort McHenry NM & HS,2021,150075.0,9769000.0,123.0,5521000.0,8998000.0,14499000.0
Fort McHenry NM & HS,2022,223957.0,14789000.0,185.0,8344000.0,13600000.0,21943000.0
Fort McHenry NM & HS,2023,429967.0,28796000.0,358.0,16222000.0,26439000.0,42716000.0
Fort McHenry NM & HS,2024,394175.0,27738000.0,261.0,13886000.0,24907000.0,38592000.0
Fort Necessity NB,2017,294146.0,16813500.0,267.0,8523200.0,13767000.0,23814900.0
Fort Necessity NB,2018,280971.0,16586000.0,263.0,8527000.0,13908000.0,24062000.0
Fort Necessity NB,2019,312104.0,18557000.0,293.0,9557000.0,15588000.0,26958000.0
Fort Necessity NB,2020,199802.0,11966000.0,189.0,6173000.0,10069000.0,17407000.0
Fort Necessity NB,2021,274853.0,17887000.0,261.0,9807000.0,15341000.0,27069000.0
Fort Necessity NB,2022,258293.0,17051000.0,247.0,9334000.0,14601000.0,25797000.0
Fort Necessity NB,2023,248948.0,16663000.0,240.0,9106000.0,14245000.0,25200000.0
Fort Necessity NB,2024,276173.0,19423000.0,216.0,9742000.0,16752000.0,28239000.0
Fort Point NHS,2017,1532540.0,87620700.0,1133.0,48522200.0,76658000.0,120827800.0
Fort Point NHS,2018,1400491.0,82703000.0,971.0,47227000.0,74851000.0,113614000.0
Fort Point NHS,2019,1421349.0,84541000.0,991.0,48363000.0,76652000.0,116298000.0
Fort Point NHS,2020,884537.0,52996000.0,620.0,30370000.0,48135000.0,73000000.0
Fort Point NHS,2021,947238.0,61663000.0,661.0,36617000.0,56305000.0,86455000.0
Fort Point NHS,2022,955454.0,63090000.0,672.0,37404000.0,57518000.0,88442000.0
Fort Point NHS,2023,903685.0,60522000.0,641.0,35825000.0,55090000.0,84828000.0
Fort Point NHS,2024,1189908.0,83732000.0,692.0,45277000.0,76246000.0,113371000.0
Fort Pulaski NM,2017,360591.0,22712100.0,306.0,9288500.0,16457200.0,27910300.0
Fort Pulaski NM,2018,419931.0,27257000.0,355.0,11386000.0,20097000.0,33606000.0
Fort Pulaski NM,2019,374289.0,24470000.0,318.0,10241000.0,18077000.0,30212000.0
Fort Pulaski NM,2020,357971.0,23567000.0,306.0,9882000.0,17443000.0,29136000.0
Fort Pulaski NM,2021,419480.0,30113000.0,380.0,12685000.0,22098000.0,38039000.0
Fort Pulaski NM,2022,471077.0,34286000.0,429.0,14424000.0,25130000.0,43314000.0
Fort Pulaski NM,2023,448047.0,33066000.0,411.0,13893000.0,24205000.0,41774000.0
Fort Pulaski NM,2024,356993.0,27688000.0,264.0,10871000.0,20970000.0,34697000.0
Fort Raleigh NHS,2017,274981.0,15721600.0,242.0,6417500.0,10928500.0,19637500.0
Fort Raleigh NHS,2018,261199.0,15425000.0,231.0,6370000.0,11057000.0,19669000.0
Fort Raleigh NHS,2019,248139.0,14759000.0,221.0,6106000.0,10600000.0,18845000.0
Fort Raleigh NHS,2020,153519.0,9198000.0,137.0,3812000.0,6617000.0,11760000.0
Fort Raleigh NHS,2021,293447.0,19103000.0,280.0,8085000.0,13677000.0,25608000.0
Fort Raleigh NHS,2022,287650.0,18994000.0,276.0,8026000.0,13578000.0,25459000.0
Fort Raleigh NHS,2023,263571.0,17652000.0,255.0,7448000.0,12599000.0,23658000.0
Fort Raleigh NHS,2024,274783.0,19335000.0,208.0,7612000.0,14009000.0,24495000.0
Fort Scott NHS,2017,28947.0,506900.0,6.0,154300.0,249400.0,490200.0
Fort Scott NHS,2018,26482.0,479000.0,7.0,149000.0,242000.0,478000.0
Fort Scott NHS,2019,24069.0,438000.0,6.0,136000.0,222000.0,438000.0
Fort Scott NHS,2020,14652.0,268000.0,4.0,84000.0,136000.0,269000.0
Fort Scott NHS,2021,22894.0,462000.0,6.0,143000.0,239000.0,484000.0
Fort Scott NHS,2022,26854.0,550000.0,7.0,169000.0,284000.0,575000.0
Fort Scott NHS,2023,25493.0,529000.0,7.0,163000.0,273000.0,554000.0
Fort Scott NHS,2024,24654.0,513000.0,5.0,157000.0,275000.0,532000.0
Fort Smith NHS,2017,141915.0,8113800.0,127.0,3092600.0,5386300.0,9947600.0
Fort Smith NHS,2018,136568.0,8065000.0,128.0,2898000.0,5283000.0,9982000.0
Fort Smith NHS,2019,125500.0,7464000.0,118.0,2687000.0,4899000.0,9251000.0
Fort Smith NHS,2020,67575.0,4049000.0,64.0,1460000.0,2662000.0,5024000.0
Fort Smith NHS,2021,99854.0,6500000.0,96.0,2569000.0,4449000.0,8535000.0
Fort Smith NHS,2022,123229.0,8137000.0,119.0,3210000.0,5561000.0,10683000.0
Fort Smith NHS,2023,135128.0,9050000.0,132.0,3565000.0,6176000.0,11882000.0
Fort Smith NHS,2024,124486.0,8760000.0,99.0,3439000.0,6408000.0,11524000.0
Fort Stanwix NM,2017,106936.0,5743600.0,78.0,2471400.0,4289400.0,7220000.0
Fort Stanwix NM,2018,90507.0,5037000.0,66.0,1867000.0,3698000.0,6115000.0
Fort Stanwix NM,2019,97412.0,5462000.0,71.0,2028000.0,4016000.0,6639000.0
Fort Stanwix NM,2020,24133.0,1363000.0,18.0,507000.0,1004000.0,1659000.0
Fort Stanwix NM,2021,45684.0,2818000.0,32.0,1188000.0,2160000.0,3548000.0
Fort Stanwix NM,2022,71716.0,4487000.0,50.0,1888000.0,3434000.0,5649000.0
Fort Stanwix NM,2023,83401.0,5290000.0,59.0,2224000.0,4044000.0,6661000.0
Fort Stanwix NM,2024,79704.0,5286000.0,46.0,2130000.0,4152000.0,6509000.0
Fort Sumter and Fort Moultrie NHP,2017,896569.0,51260000.0,723.0,21602300.0,37946000.0,63912000.0
Fort Sumter and Fort Moultrie NHP,2018,859881.0,50778000.0,684.0,22047000.0,38575000.0,64031000.0
Fort Sumter and Fort Moultrie NHP,2019,877894.0,52216000.0,702.0,22713000.0,39739000.0,65933000.0
Fort Sumter and Fort Moultrie NHP,2020,365132.0,21877000.0,294.0,9532000.0,16678000.0,27659000.0
Fort Sumter and Fort Moultrie NHP,2021,349492.0,22751000.0,297.0,9893000.0,17157000.0,29656000.0
Fort Sumter and Fort Moultrie NHP,2022,385472.0,25453000.0,330.0,11050000.0,19165000.0,33177000.0
Fort Sumter and Fort Moultrie NHP,2023,411744.0,27574000.0,355.0,11952000.0,20729000.0,35938000.0
Fort Sumter and Fort Moultrie NHP,2024,384308.0,27042000.0,268.0,11026000.0,21297000.0,35328000.0
Fort Union NM,2017,11676.0,770700.0,10.0,295500.0,487100.0,852100.0
Fort Union NM,2018,10860.0,740000.0,10.0,283000.0,473000.0,830000.0
Fort Union NM,2019,11063.0,760000.0,10.0,291000.0,487000.0,852000.0
Fort Union NM,2020,5335.0,369000.0,5.0,141000.0,237000.0,415000.0
Fort Union NM,2021,12618.0,959000.0,11.0,360000.0,613000.0,1100000.0
Fort Union NM,2022,7557.0,583000.0,7.0,219000.0,372000.0,668000.0
Fort Union NM,2023,9570.0,748000.0,9.0,280000.0,477000.0,858000.0
Fort Union NM,2024,9217.0,741000.0,7.0,270000.0,493000.0,822000.0
Fort Union Trading Post NHS,2017,13329.0,1043800.0,12.0,375600.0,577200.0,962500.0
Fort Union Trading Post NHS,2018,13552.0,1098000.0,12.0,405000.0,637000.0,1075000.0
Fort Union Trading Post NHS,2019,12967.0,1057000.0,12.0,391000.0,615000.0,1037000.0
Fort Union Trading Post NHS,2020,5226.0,429000.0,5.0,159000.0,250000.0,421000.0
Fort Union Trading Post NHS,2021,11479.0,1041000.0,11.0,360000.0,568000.0,990000.0
Fort Union Trading Post NHS,2022,12822.0,1178000.0,12.0,407000.0,643000.0,1122000.0
Fort Union Trading Post NHS,2023,12942.0,1205000.0,12.0,416000.0,657000.0,1148000.0
Fort Union Trading Post NHS,2024,12028.0,1137000.0,10.0,361000.0,632000.0,1114000.0
Fort Vancouver NHS,2017,1081489.0,61832500.0,1005.0,31426400.0,51385300.0,90246400.0
Fort Vancouver NHS,2018,1098552.0,64873000.0,935.0,33561000.0,56037000.0,93458000.0
Fort Vancouver NHS,2019,1018215.0,60562000.0,871.0,31388000.0,52409000.0,87371000.0
Fort Vancouver NHS,2020,670111.0,40149000.0,576.0,20844000.0,34804000.0,57999000.0
Fort Vancouver NHS,2021,809525.0,52698000.0,728.0,29595000.0,47221000.0,80665000.0
Fort Vancouver NHS,2022,964318.0,63675000.0,873.0,35703000.0,56969000.0,97441000.0
Fort Vancouver NHS,2023,967602.0,64803000.0,882.0,36279000.0,57887000.0,99139000.0
Fort Vancouver NHS,2024,1007756.0,70914000.0,714.0,35289000.0,63114000.0,102283000.0
Fort Washington Park,2017,317470.0,18150900.0,237.0,9410700.0,15633100.0,24654900.0
Fort Washington Park,2018,316052.0,18664000.0,239.0,9932000.0,16550000.0,25784000.0
Fort Washington Park,2019,423868.0,25211000.0,322.0,13440000.0,22396000.0,34877000.0
Fort Washington Park,2020,160289.0,9604000.0,123.0,5129000.0,8546000.0,13303000.0
Fort Washington Park,2021,636276.0,41420000.0,505.0,23308000.0,38141000.0,60719000.0
Fort Washington Park,2022,406917.0,26869000.0,325.0,15096000.0,24704000.0,39380000.0
Fort Washington Park,2023,448220.0,30018000.0,361.0,16839000.0,27557000.0,43985000.0
Fort Washington Park,2024,491013.0,34552000.0,317.0,17047000.0,30951000.0,47676000.0
Fossil Butte NM,2017,21978.0,1072800.0,13.0,390400.0,650900.0,1125200.0
Fossil Butte NM,2018,21349.0,1076000.0,14.0,392000.0,661000.0,1152000.0
Fossil Butte NM,2019,20554.0,1042000.0,13.0,381000.0,642000.0,1118000.0
Fossil Butte NM,2020,13176.0,673000.0,9.0,246000.0,416000.0,723000.0
Fossil Butte NM,2021,21153.0,1180000.0,14.0,438000.0,732000.0,1313000.0
Fossil Butte NM,2022,17879.0,1011000.0,12.0,375000.0,627000.0,1126000.0
Fossil Butte NM,2023,19377.0,1110000.0,13.0,411000.0,688000.0,1237000.0
Fossil Butte NM,2024,21491.0,1270000.0,11.0,432000.0,807000.0,1353000.0
Franklin Delano Roosevelt MEM,2017,3507402.0,64939200.0,864.0,34225500.0,58129400.0,92155700.0
Franklin Delano Roosevelt MEM,2018,3288299.0,62906000.0,817.0,34185000.0,57851000.0,90570000.0
Franklin Delano Roosevelt MEM,2019,3303573.0,63668000.0,826.0,34653000.0,58643000.0,91777000.0
Franklin Delano Roosevelt MEM,2020,1010986.0,19633000.0,254.0,10701000.0,18110000.0,28332000.0
Franklin Delano Roosevelt MEM,2021,2022050.0,42472000.0,535.0,24599000.0,40708000.0,65127000.0
Franklin Delano Roosevelt MEM,2022,3291313.0,70137000.0,877.0,40553000.0,67111000.0,107508000.0
Franklin Delano Roosevelt MEM,2023,3298788.0,26757000.0,371.0,16371000.0,25523000.0,40276000.0
Franklin Delano Roosevelt MEM,2024,3225923.0,26649000.0,258.0,14337000.0,24410000.0,37475000.0
Frederick Douglass NHS,2017,76569.0,1417700.0,18.0,747000.0,1268200.0,2007600.0
Frederick Douglass NHS,2018,70869.0,1356000.0,18.0,736000.0,1246000.0,1947000.0
Frederick Douglass NHS,2019,61063.0,1177000.0,15.0,640000.0,1083000.0,1692000.0
Frederick Douglass NHS,2020,10969.0,213000.0,3.0,116000.0,196000.0,307000.0
Frederick Douglass NHS,2021,1807.0,38000.0,0.0,22000.0,37000.0,58000.0
Frederick Douglass NHS,2022,211.0,4000.0,0.0,2000.0,4000.0,7000.0
Frederick Douglass NHS,2023,12904.0,279000.0,3.0,161000.0,266000.0,427000.0
Frederick Douglass NHS,2024,25836.0,591000.0,6.0,302000.0,551000.0,844000.0
Frederick Law Olmsted NHS,2017,11387.0,651000.0,9.0,355200.0,578500.0,923000.0
Frederick Law Olmsted NHS,2018,9855.0,582000.0,8.0,322000.0,528000.0,831000.0
Frederick Law Olmsted NHS,2019,7791.0,463000.0,6.0,257000.0,421000.0,663000.0
Frederick Law Olmsted NHS,2020,2569.0,154000.0,2.0,85000.0,140000.0,220000.0
Frederick Law Olmsted NHS,2021,4300.0,279000.0,4.0,169000.0,263000.0,425000.0
Frederick Law Olmsted NHS,2022,14148.0,935000.0,12.0,563000.0,878000.0,1423000.0
Frederick Law Olmsted NHS,2023,11904.0,797000.0,10.0,480000.0,748000.0,1213000.0
Frederick Law Olmsted NHS,2024,13218.0,930000.0,9.0,522000.0,877000.0,1360000.0
Fredericksburg & Spotsylvania NMP,2017,919311.0,52560300.0,687.0,26688400.0,44198800.0,70377500.0
Fredericksburg & Spotsylvania NMP,2018,926464.0,54710000.0,701.0,28457000.0,47233000.0,74073000.0
Fredericksburg & Spotsylvania NMP,2019,906800.0,53936000.0,690.0,28104000.0,46649000.0,73124000.0
Fredericksburg & Spotsylvania NMP,2020,838836.0,50258000.0,642.0,26234000.0,43544000.0,68227000.0
Fredericksburg & Spotsylvania NMP,2021,736416.0,47939000.0,597.0,26280000.0,42870000.0,69200000.0
Fredericksburg & Spotsylvania NMP,2022,756296.0,49939000.0,617.0,27335000.0,44590000.0,72073000.0
Fredericksburg & Spotsylvania NMP,2023,844890.0,56585000.0,695.0,30924000.0,50445000.0,81647000.0
Fredericksburg & Spotsylvania NMP,2024,818533.0,57599000.0,536.0,27624000.0,50186000.0,78141000.0
Friendship Hill NHS,2017,39377.0,2251300.0,37.0,1134400.0,1835100.0,3167500.0
Friendship Hill NHS,2018,41678.0,2461000.0,39.0,1253000.0,2049000.0,3542000.0
Friendship Hill NHS,2019,34160.0,2032000.0,32.0,1036000.0,1694000.0,2928000.0
Friendship Hill NHS,2020,19463.0,1166000.0,18.0,596000.0,974000.0,1683000.0
Friendship Hill NHS,2021,16552.0,1077000.0,16.0,586000.0,918000.0,1618000.0
Friendship Hill NHS,2022,16395.0,1083000.0,16.0,589000.0,922000.0,1627000.0
Friendship Hill NHS,2023,19258.0,1289000.0,18.0,699000.0,1095000.0,1935000.0
Friendship Hill NHS,2024,19465.0,1370000.0,15.0,678000.0,1168000.0,1969000.0
Gates of the Arctic NP & PRES,2017,11177.0,17161400.0,223.0,7944000.0,15064800.0,25016400.0
Gates of the Arctic NP & PRES,2018,9591.0,14567000.0,179.0,6821000.0,12767000.0,20705000.0
Gates of the Arctic NP & PRES,2019,10518.0,16078000.0,198.0,7546000.0,14125000.0,22877000.0
Gates of the Arctic NP & PRES,2020,2872.0,4417000.0,54.0,2078000.0,3890000.0,6292000.0
Gates of the Arctic NP & PRES,2021,7362.0,11995000.0,169.0,6571000.0,10481000.0,17951000.0
Gates of the Arctic NP & PRES,2022,9457.0,15611000.0,219.0,8544000.0,13634000.0,23361000.0
Gates of the Arctic NP & PRES,2023,11045.0,18471000.0,258.0,10102000.0,16124000.0,27642000.0
Gates of the Arctic NP & PRES,2024,11907.0,23177000.0,217.0,11270000.0,20368000.0,33207000.0
Gateway Arch NP,2017,1398188.0,135944100.0,2340.0,70880600.0,119724600.0,211521200.0
Gateway Arch NP,2018,2016179.0,202653000.0,3409.0,108440000.0,181307000.0,319322000.0
Gateway Arch NP,2019,2055309.0,208188000.0,3494.0,111542000.0,186496000.0,328387000.0
Gateway Arch NP,2020,486021.0,49611000.0,831.0,26614000.0,44498000.0,78336000.0
Gateway Arch NP,2021,1145081.0,126069000.0,2048.0,72060000.0,115892000.0,210056000.0
Gateway Arch NP,2022,1618774.0,112076000.0,1781.0,71532000.0,114178000.0,196236000.0
Gateway Arch NP,2023,2422836.0,170178000.0,2687.0,108417000.0,173054000.0,297769000.0
Gateway Arch NP,2024,2563052.0,184599000.0,2157.0,104231000.0,179764000.0,300650000.0
Gateway NRA,2017,9190609.0,222025800.0,2374.0,104118400.0,166463500.0,254579400.0
Gateway NRA,2018,9243305.0,248857000.0,2945.0,98293000.0,174064000.0,280258000.0
Gateway NRA,2019,9405622.0,254946000.0,3014.0,100911000.0,178701000.0,287540000.0
Gateway NRA,2020,8404728.0,229246000.0,2708.0,90973000.0,161107000.0,259051000.0
Gateway NRA,2021,9060807.0,265219000.0,2938.0,116979000.0,196591000.0,321804000.0
Gateway NRA,2022,8728291.0,259269000.0,2852.0,114094000.0,191737000.0,314550000.0
Gateway NRA,2023,8705329.0,262453000.0,2867.0,115237000.0,193663000.0,318425000.0
Gateway NRA,2024,8929035.0,294757000.0,2343.0,113514000.0,205058000.0,328966000.0
Gauley River NRA,2017,118733.0,5046300.0,74.0,1912000.0,3136300.0,5623600.0
Gauley River NRA,2018,97779.0,4300000.0,59.0,1639000.0,2742000.0,4838000.0
Gauley River NRA,2019,119282.0,5302000.0,73.0,2027000.0,3396000.0,5988000.0
Gauley River NRA,2020,109377.0,4918000.0,68.0,1886000.0,3165000.0,5577000.0
Gauley River NRA,2021,167794.0,8211000.0,106.0,3119000.0,5192000.0,9557000.0
Gauley River NRA,2022,163510.0,8112000.0,104.0,3077000.0,5123000.0,9444000.0
Gauley River NRA,2023,187223.0,9388000.0,124.0,3852000.0,6196000.0,11156000.0
Gauley River NRA,2024,272898.0,13946000.0,134.0,4842000.0,8756000.0,15196000.0
General Grant NMEM,2017,97005.0,5546100.0,67.0,3126800.0,5064600.0,7602700.0
General Grant NMEM,2018,73336.0,4331000.0,51.0,2390000.0,4038000.0,6026000.0
General Grant NMEM,2019,113852.0,6772000.0,79.0,3744000.0,6326000.0,9435000.0
General Grant NMEM,2020,24475.0,1466000.0,17.0,812000.0,1372000.0,2046000.0
General Grant NMEM,2021,57487.0,3742000.0,41.0,2234000.0,3633000.0,5501000.0
General Grant NMEM,2022,132542.0,5689000.0,63.0,3492000.0,5671000.0,8244000.0
General Grant NMEM,2023,84153.0,3668000.0,40.0,2245000.0,3646000.0,5311000.0
General Grant NMEM,2024,110602.0,4935000.0,42.0,2763000.0,4793000.0,6842000.0
George Rogers Clark NHP,2017,117268.0,6704600.0,102.0,2568300.0,4384900.0,8038700.0
George Rogers Clark NHP,2018,121187.0,7157000.0,108.0,2688000.0,4734000.0,8699000.0
George Rogers Clark NHP,2019,140130.0,8335000.0,125.0,3136000.0,5523000.0,10144000.0
George Rogers Clark NHP,2020,56107.0,3362000.0,50.0,1267000.0,2232000.0,4097000.0
George Rogers Clark NHP,2021,116088.0,7557000.0,106.0,3002000.0,5261000.0,9712000.0
George Rogers Clark NHP,2022,123229.0,8137000.0,113.0,3227000.0,5656000.0,10457000.0
George Rogers Clark NHP,2023,145597.0,9751000.0,135.0,3861000.0,6767000.0,12532000.0
George Rogers Clark NHP,2024,166621.0,11725000.0,122.0,4256000.0,8203000.0,14479000.0
George Washington Birthplace NM,2017,122456.0,5464300.0,67.0,2727300.0,4484000.0,7073400.0
George Washington Birthplace NM,2018,111058.0,5126000.0,64.0,2623000.0,4310000.0,6716000.0
George Washington Birthplace NM,2019,139666.0,6491000.0,81.0,3328000.0,5469000.0,8518000.0
George Washington Birthplace NM,2020,41970.0,1964000.0,24.0,1009000.0,1658000.0,2582000.0
George Washington Birthplace NM,2021,102782.0,5239000.0,62.0,2805000.0,4559000.0,7293000.0
George Washington Birthplace NM,2022,96234.0,4976000.0,59.0,2661000.0,4325000.0,6927000.0
George Washington Birthplace NM,2023,98843.0,5183000.0,61.0,2767000.0,4498000.0,7214000.0
George Washington Birthplace NM,2024,58983.0,3256000.0,29.0,1510000.0,2739000.0,4263000.0
George Washington Carver NM,2017,46465.0,838200.0,12.0,314800.0,511400.0,931700.0
George Washington Carver NM,2018,44412.0,828000.0,12.0,308000.0,507000.0,937000.0
George Washington Carver NM,2019,49553.0,929000.0,13.0,346000.0,571000.0,1054000.0
George Washington Carver NM,2020,26570.0,502000.0,7.0,187000.0,309000.0,570000.0
George Washington Carver NM,2021,25838.0,540000.0,7.0,207000.0,341000.0,653000.0
George Washington Carver NM,2022,29725.0,630000.0,8.0,242000.0,397000.0,762000.0
George Washington Carver NM,2023,37282.0,802000.0,10.0,307000.0,504000.0,969000.0
George Washington Carver NM,2024,39081.0,847000.0,8.0,324000.0,568000.0,1016000.0
George Washington MEM PKWY,2017,7562793.0,48242600.0,817.0,26315100.0,41676500.0,69771900.0
George Washington MEM PKWY,2018,7288623.0,48373000.0,773.0,26879000.0,43134000.0,70675000.0
George Washington MEM PKWY,2019,7487265.0,50125000.0,799.0,27906000.0,44782000.0,73359000.0
George Washington MEM PKWY,2020,6237361.0,42086000.0,670.0,23453000.0,37635000.0,61636000.0
George Washington MEM PKWY,2021,6821179.0,49436000.0,760.0,29460000.0,46183000.0,79380000.0
George Washington MEM PKWY,2022,7397120.0,54544000.0,831.0,32384000.0,50763000.0,87497000.0
George Washington MEM PKWY,2023,7391260.0,241238000.0,3038.0,145072000.0,235762000.0,369265000.0
George Washington MEM PKWY,2024,6782717.0,225708000.0,2072.0,118337000.0,209945000.0,323403000.0
Gettysburg NMP,2017,1038650.0,65268000.0,832.0,32945100.0,55118100.0,87853400.0
Gettysburg NMP,2018,949989.0,61494000.0,778.0,32062000.0,53313000.0,84098000.0
Gettysburg NMP,2019,925116.0,60310000.0,761.0,31504000.0,52386000.0,82593000.0
Gettysburg NMP,2020,536552.0,35324000.0,445.0,18494000.0,30761000.0,48473000.0
Gettysburg NMP,2021,687631.0,49362000.0,596.0,27350000.0,44233000.0,70985000.0
Gettysburg NMP,2022,764576.0,55648000.0,668.0,30795000.0,49806000.0,80017000.0
Gettysburg NMP,2023,742173.0,54774000.0,653.0,30273000.0,48963000.0,78752000.0
Gettysburg NMP,2024,741574.0,57506000.0,518.0,28188000.0,50234000.0,77894000.0
Gila Cliff Dwellings NM,2017,78872.0,4509400.0,69.0,1334100.0,2325100.0,4664200.0
Gila Cliff Dwellings NM,2018,79107.0,4671000.0,71.0,1309000.0,2374000.0,4779000.0
Gila Cliff Dwellings NM,2019,66615.0,3962000.0,60.0,1112000.0,2018000.0,4058000.0
Gila Cliff Dwellings NM,2020,31645.0,1896000.0,29.0,533000.0,967000.0,1944000.0
Gila Cliff Dwellings NM,2021,45428.0,2957000.0,38.0,945000.0,1647000.0,3146000.0
Gila Cliff Dwellings NM,2022,43608.0,2880000.0,37.0,919000.0,1602000.0,3066000.0
Gila Cliff Dwellings NM,2023,33973.0,2275000.0,29.0,724000.0,1264000.0,2422000.0
Gila Cliff Dwellings NM,2024,47378.0,3334000.0,32.0,1043000.0,1934000.0,3460000.0
Glacier Bay NP & PRES,2017,547057.0,113804700.0,2090.0,58757900.0,94544600.0,167810300.0
Glacier Bay NP & PRES,2018,597916.0,217161000.0,2582.0,106863000.0,188142000.0,354389000.0
Glacier Bay NP & PRES,2019,672087.0,246447000.0,2929.0,121238000.0,213514000.0,402334000.0
Glacier Bay NP & PRES,2020,5748.0,2061000.0,26.0,1045000.0,1755000.0,3161000.0
Glacier Bay NP & PRES,2021,89768.0,39104000.0,521.0,22521000.0,34641000.0,66370000.0
Glacier Bay NP & PRES,2022,545758.0,223677000.0,2824.0,126214000.0,196012000.0,382678000.0
Glacier Bay NP & PRES,2023,703659.0,291717000.0,3644.0,163824000.0,254593000.0,498492000.0
Glacier Bay NP & PRES,2024,736282.0,333265000.0,3088.0,166755000.0,302943000.0,521384000.0
Glacier NP,2017,3305513.0,275137300.0,4602.0,121084800.0,194557500.0,368641400.0
Glacier NP,2018,2965310.0,344287000.0,5225.0,163216000.0,269031000.0,484016000.0
Glacier NP,2019,3049840.0,356112000.0,5395.0,169133000.0,278790000.0,501198000.0
Glacier NP,2020,1698865.0,203591000.0,3082.0,96935000.0,159886000.0,287295000.0
Glacier NP,2021,3081656.0,383738000.0,5975.0,193050000.0,297111000.0,572155000.0
Glacier NP,2022,2908458.0,367589000.0,5691.0,184793000.0,284541000.0,548417000.0
Glacier NP,2023,2933616.0,372129000.0,5725.0,186811000.0,287572000.0,554585000.0
Glacier NP,2024,3208755.0,457955000.0,5188.0,217176000.0,359081000.0,656188000.0
Glen Canyon NRA,2017,4574940.0,360729200.0,5060.0,137357200.0,235944100.0,425140800.0
Glen Canyon NRA,2018,4219441.0,411015000.0,5032.0,160409000.0,279473000.0,483384000.0
Glen Canyon NRA,2019,4330562.0,420177000.0,5153.0,163428000.0,285807000.0,494897000.0
Glen Canyon NRA,2020,2553393.0,252788000.0,3084.0,99641000.0,172981000.0,297859000.0
Glen Canyon NRA,2021,3144318.0,332150000.0,3839.0,139418000.0,234458000.0,409546000.0
Glen Canyon NRA,2022,2842776.0,300543000.0,3486.0,126398000.0,213280000.0,372677000.0
Glen Canyon NRA,2023,5206934.0,539912000.0,6298.0,226266000.0,384281000.0,670369000.0
Glen Canyon NRA,2024,4725610.0,516822000.0,4830.0,213131000.0,381809000.0,634245000.0
Golden Gate NRA,2017,14981897.0,364732100.0,4085.0,167936800.0,264061300.0,418805200.0
Golden Gate NRA,2018,15223696.0,1038368000.0,10614.0,610397000.0,978212000.0,1394523000.0
Golden Gate NRA,2019,15002227.0,1038146000.0,10606.0,611241000.0,979482000.0,1395685000.0
Golden Gate NRA,2020,12400044.0,684875000.0,6862.0,397545000.0,639409000.0,909768000.0
Golden Gate NRA,2021,13712614.0,862635000.0,8175.0,546342000.0,832831000.0,1194828000.0
Golden Gate NRA,2022,15638911.0,1095491000.0,10432.0,698994000.0,1060746000.0,1524345000.0
Golden Gate NRA,2023,14953882.0,1505100000.0,13150.0,941065000.0,1429185000.0,2012317000.0
Golden Gate NRA,2024,17187508.0,1769628000.0,11815.0,969712000.0,1578986000.0,2235430000.0
Golden Spike NHP,2017,67811.0,3799300.0,58.0,1771400.0,2961500.0,5258900.0
Golden Spike NHP,2018,60129.0,3467000.0,53.0,1629000.0,2752000.0,4874000.0
Golden Spike NHP,2019,108153.0,6278000.0,95.0,2957000.0,4994000.0,8840000.0
Golden Spike NHP,2020,53106.0,3104000.0,47.0,1465000.0,2474000.0,4378000.0
Golden Spike NHP,2021,52910.0,3372000.0,46.0,1571000.0,2687000.0,4827000.0
Golden Spike NHP,2022,49042.0,3169000.0,43.0,1475000.0,2522000.0,4536000.0
Golden Spike NHP,2023,53015.0,3474000.0,47.0,1614000.0,2761000.0,4971000.0
Golden Spike NHP,2024,55285.0,3780000.0,39.0,1690000.0,3127000.0,5294000.0
Governors Island NM,2017,625652.0,35770700.0,422.0,20182700.0,32645800.0,48914200.0
Governors Island NM,2018,589799.0,34829000.0,407.0,19219000.0,32453000.0,48388000.0
Governors Island NM,2019,590993.0,35152000.0,410.0,19432000.0,32812000.0,48904000.0
Governors Island NM,2020,102915.0,6166000.0,72.0,3415000.0,5766000.0,8590000.0
Governors Island NM,2021,191257.0,12450000.0,136.0,7434000.0,12076000.0,18264000.0
Governors Island NM,2022,44345.0,2928000.0,32.0,1746000.0,2836000.0,4295000.0
Governors Island NM,2023,38670.0,2590000.0,28.0,1541000.0,2504000.0,3797000.0
Governors Island NM,2024,63086.0,4439000.0,38.0,2474000.0,4285000.0,6309000.0
Grand Canyon NP,2017,6254238.0,666912800.0,9423.0,329315300.0,581624300.0,938010800.0
Grand Canyon NP,2018,6380494.0,947119000.0,12558.0,376702000.0,673460000.0,1156748000.0
Grand Canyon NP,2019,5974410.0,891243000.0,11806.0,354979000.0,634575000.0,1089195000.0
Grand Canyon NP,2020,2897098.0,433426000.0,5730.0,172989000.0,309269000.0,530327000.0
Grand Canyon NP,2021,4532677.0,710256000.0,9390.0,324318000.0,539433000.0,944693000.0
Grand Canyon NP,2022,4732101.0,758899000.0,9991.0,346332000.0,576355000.0,1010477000.0
Grand Canyon NP,2023,4733705.0,768411000.0,10060.0,350177000.0,582513000.0,1022191000.0
Grand Canyon NP,2024,4919163.0,905346000.0,8778.0,393248000.0,697736000.0,1143263000.0
Grand Portage NM,2017,96051.0,6048700.0,80.0,1658700.0,3204700.0,5889400.0
Grand Portage NM,2018,94137.0,6109000.0,77.0,1773000.0,3298000.0,5990000.0
Grand Portage NM,2019,94985.0,6208000.0,78.0,1805000.0,3358000.0,6095000.0
Grand Portage NM,2020,66427.0,4372000.0,55.0,1273000.0,2369000.0,4298000.0
Grand Portage NM,2021,83708.0,6007000.0,78.0,1896000.0,3365000.0,6407000.0
Grand Portage NM,2022,93108.0,6775000.0,87.0,2136000.0,3791000.0,7229000.0
Grand Portage NM,2023,88291.0,6515000.0,83.0,2051000.0,3642000.0,6954000.0
Grand Portage NM,2024,88931.0,6896000.0,59.0,2104000.0,3960000.0,6728000.0
Grand Teton NP,2017,3316999.0,589903900.0,8694.0,259807100.0,421551800.0,744286500.0
Grand Teton NP,2018,3491151.0,628933000.0,8624.0,273462000.0,460520000.0,791628000.0
Grand Teton NP,2019,3405614.0,629536000.0,8638.0,274619000.0,463007000.0,795638000.0
Grand Teton NP,2020,3289638.0,598240000.0,8176.0,260898000.0,439161000.0,754041000.0
Grand Teton NP,2021,3885230.0,774059000.0,10544.0,357591000.0,560827000.0,1021772000.0
Grand Teton NP,2022,2806223.0,597470000.0,7608.0,267468000.0,438271000.0,757041000.0
Grand Teton NP,2023,3417106.0,737983000.0,9369.0,330747000.0,541797000.0,936251000.0
Grand Teton NP,2024,3628222.0,807563000.0,6861.0,329149000.0,593456000.0,983519000.0
Grant-Kohrs Ranch NHS,2017,24072.0,1376300.0,22.0,633000.0,964800.0,1798000.0
Grant-Kohrs Ranch NHS,2018,26676.0,1575000.0,25.0,725000.0,1124000.0,2058000.0
Grant-Kohrs Ranch NHS,2019,25044.0,1490000.0,23.0,687000.0,1065000.0,1949000.0
Grant-Kohrs Ranch NHS,2020,15328.0,918000.0,14.0,424000.0,658000.0,1203000.0
Grant-Kohrs Ranch NHS,2021,24476.0,1593000.0,25.0,772000.0,1138000.0,2233000.0
Grant-Kohrs Ranch NHS,2022,24351.0,1608000.0,25.0,779000.0,1147000.0,2255000.0
Grant-Kohrs Ranch NHS,2023,27219.0,700000.0,11.0,336000.0,509000.0,970000.0
Grant-Kohrs Ranch NHS,2024,27479.0,720000.0,8.0,322000.0,523000.0,950000.0
Great Basin NP,2017,168027.0,9694100.0,137.0,3038000.0,5263200.0,10039200.0
Great Basin NP,2018,153094.0,8795000.0,122.0,2703000.0,4710000.0,9023000.0
Great Basin NP,2019,131802.0,7767000.0,108.0,2393000.0,4183000.0,8018000.0
Great Basin NP,2020,120247.0,7121000.0,99.0,2199000.0,3842000.0,7358000.0
Great Basin NP,2021,144875.0,9120000.0,122.0,2634000.0,4825000.0,9608000.0
Great Basin NP,2022,142115.0,9151000.0,122.0,2644000.0,4847000.0,9668000.0
Great Basin NP,2023,143265.0,15416000.0,180.0,7692000.0,13217000.0,21765000.0
Great Basin NP,2024,152068.0,16742000.0,146.0,7607000.0,14022000.0,22709000.0
Great Sand Dunes NP & PRES,2017,486935.0,29582600.0,408.0,11243800.0,19328300.0,34602200.0
Great Sand Dunes NP & PRES,2018,442906.0,27414000.0,372.0,10767000.0,18850000.0,33160000.0
Great Sand Dunes NP & PRES,2019,527546.0,33090000.0,449.0,13028000.0,22828000.0,40140000.0
Great Sand Dunes NP & PRES,2020,461532.0,29512000.0,400.0,11652000.0,20452000.0,35949000.0
Great Sand Dunes NP & PRES,2021,602613.0,41277000.0,536.0,16956000.0,29116000.0,52415000.0
Great Sand Dunes NP & PRES,2022,493428.0,32538000.0,408.0,10668000.0,18659000.0,35980000.0
Great Sand Dunes NP & PRES,2023,512219.0,34284000.0,427.0,11236000.0,19655000.0,37941000.0
Great Sand Dunes NP & PRES,2024,437661.0,29547000.0,261.0,8525000.0,17025000.0,30898000.0
Great Smoky Mountains NP,2017,11338893.0,922947100.0,13942.0,405780500.0,695842300.0,1237735000.0
Great Smoky Mountains NP,2018,11421201.0,953130000.0,13737.0,434943000.0,743083000.0,1288291000.0
Great Smoky Mountains NP,2019,12547743.0,1054815000.0,15176.0,482218000.0,824057000.0,1427790000.0
Great Smoky Mountains NP,2020,12095721.0,1024024000.0,14707.0,468985000.0,801570000.0,1387955000.0
Great Smoky Mountains NP,2021,14161548.0,1292745000.0,18807.0,618010000.0,1036519000.0,1845873000.0
Great Smoky Mountains NP,2022,12937633.0,2110462000.0,32590.0,1218335000.0,1922997000.0,3262390000.0
Great Smoky Mountains NP,2023,13297647.0,2198538000.0,33748.0,1267581000.0,2000786000.0,3397905000.0
Great Smoky Mountains NP,2024,12191834.0,2041287000.0,20349.0,1015336000.0,1779662000.0,2857978000.0
Greenbelt Park,2017,141856.0,8528100.0,106.0,4281500.0,7209700.0,11386800.0
Greenbelt Park,2018,85260.0,4961000.0,61.0,2558000.0,4252000.0,6631000.0
Greenbelt Park,2019,128702.0,8146000.0,101.0,4247000.0,7123000.0,11104000.0
Greenbelt Park,2020,28319.0,1864000.0,23.0,977000.0,1645000.0,2563000.0
Greenbelt Park,2021,23893.0,1699000.0,20.0,943000.0,1551000.0,2466000.0
Greenbelt Park,2022,60800.0,4365000.0,52.0,2417000.0,3976000.0,6326000.0
Greenbelt Park,2023,91785.0,1289000.0,17.0,723000.0,1134000.0,1839000.0
Greenbelt Park,2024,77642.0,1026000.0,8.0,414000.0,701000.0,1101000.0
Guadalupe Mountains NP,2017,225257.0,13646200.0,197.0,4880600.0,8712300.0,16090400.0
Guadalupe Mountains NP,2018,172347.0,10710000.0,150.0,4028000.0,7017000.0,12863000.0
Guadalupe Mountains NP,2019,188833.0,11880000.0,166.0,4478000.0,7807000.0,14306000.0
Guadalupe Mountains NP,2020,151256.0,9673000.0,135.0,3653000.0,6379000.0,11690000.0
Guadalupe Mountains NP,2021,243291.0,16832000.0,234.0,6597000.0,10788000.0,20694000.0
Guadalupe Mountains NP,2022,219987.0,26288000.0,311.0,10671000.0,17784000.0,31165000.0
Guadalupe Mountains NP,2023,227340.0,27545000.0,325.0,11180000.0,18633000.0,32680000.0
Guadalupe Mountains NP,2024,226134.0,28092000.0,245.0,9687000.0,18483000.0,32339000.0
Guilford Courthouse NMP,2017,348991.0,19953000.0,320.0,9360700.0,15654000.0,27547300.0
Guilford Courthouse NMP,2018,236016.0,13937000.0,218.0,6683000.0,11115000.0,19464000.0
Guilford Courthouse NMP,2019,223901.0,13317000.0,208.0,6398000.0,10640000.0,18624000.0
Guilford Courthouse NMP,2020,186020.0,11145000.0,174.0,5363000.0,8920000.0,15607000.0
Guilford Courthouse NMP,2021,211689.0,13781000.0,202.0,6841000.0,11253000.0,20188000.0
Guilford Courthouse NMP,2022,389057.0,25690000.0,374.0,12732000.0,20945000.0,37627000.0
Guilford Courthouse NMP,2023,404759.0,27107000.0,392.0,13413000.0,22066000.0,39693000.0
Guilford Courthouse NMP,2024,461143.0,32449000.0,356.0,15585000.0,27024000.0,45976000.0
Gulf Islands NS,2017,3952940.0,167978900.0,2351.0,69222200.0,118595400.0,205405300.0
Gulf Islands NS,2018,4229968.0,186918000.0,2481.0,78771000.0,136111000.0,231955000.0
Gulf Islands NS,2019,5600241.0,249304000.0,3305.0,105295000.0,181992000.0,310006000.0
Gulf Islands NS,2020,4012130.0,180249000.0,2386.0,76300000.0,132013000.0,224800000.0
Gulf Islands NS,2021,5458816.0,267728000.0,3483.0,115867000.0,193105000.0,347283000.0
Gulf Islands NS,2022,5685155.0,282833000.0,3655.0,122262000.0,203785000.0,367005000.0
Gulf Islands NS,2023,8277857.0,417993000.0,5367.0,180492000.0,300924000.0,542713000.0
Gulf Islands NS,2024,7801176.0,410967000.0,4018.0,164262000.0,302513000.0,514233000.0
Hagerman Fossil Beds NM,2017,31123.0,1779400.0,27.0,818100.0,1319800.0,2405800.0
Hagerman Fossil Beds NM,2018,26477.0,1564000.0,24.0,716000.0,1188000.0,2103000.0
Hagerman Fossil Beds NM,2019,23768.0,1414000.0,21.0,649000.0,1076000.0,1904000.0
Hagerman Fossil Beds NM,2020,14113.0,846000.0,13.0,389000.0,645000.0,1140000.0
Hagerman Fossil Beds NM,2021,8236.0,536000.0,8.0,248000.0,411000.0,748000.0
Hagerman Fossil Beds NM,2022,25122.0,1659000.0,23.0,766000.0,1269000.0,2316000.0
Hagerman Fossil Beds NM,2023,33444.0,2239000.0,31.0,1033000.0,1711000.0,3126000.0
Hagerman Fossil Beds NM,2024,39104.0,2752000.0,28.0,1239000.0,2206000.0,3726000.0
Haleakala NP,2017,1112390.0,69751100.0,819.0,32188800.0,56282000.0,89290300.0
Haleakala NP,2018,1044083.0,67459000.0,714.0,30261000.0,55313000.0,84872000.0
Haleakala NP,2019,994393.0,64738000.0,684.0,29104000.0,53202000.0,81590000.0
Haleakala NP,2020,319147.0,20936000.0,221.0,9508000.0,17381000.0,26641000.0
Haleakala NP,2021,853181.0,61017000.0,598.0,27256000.0,50295000.0,76667000.0
Haleakala NP,2022,1087616.0,78419000.0,764.0,34951000.0,64475000.0,98412000.0
Haleakala NP,2023,791292.0,57541000.0,556.0,25589000.0,47193000.0,72127000.0
Haleakala NP,2024,732477.0,56001000.0,439.0,23729000.0,46922000.0,70168000.0
Hamilton Grange NMEM,2017,85602.0,4894200.0,57.0,2753700.0,4460000.0,6679200.0
Hamilton Grange NMEM,2018,66216.0,3910000.0,45.0,2151000.0,3636000.0,5415000.0
Hamilton Grange NMEM,2019,71248.0,4238000.0,49.0,2335000.0,3948000.0,5876000.0
Hamilton Grange NMEM,2020,23015.0,1379000.0,16.0,761000.0,1287000.0,1914000.0
Hamilton Grange NMEM,2021,29096.0,1894000.0,21.0,1127000.0,1833000.0,2770000.0
Hamilton Grange NMEM,2022,45198.0,2985000.0,32.0,1773000.0,2884000.0,4363000.0
Hamilton Grange NMEM,2023,48674.0,3259000.0,35.0,1933000.0,3145000.0,4764000.0
Hamilton Grange NMEM,2024,63647.0,4479000.0,38.0,2492000.0,4327000.0,6366000.0
Hampton NHS,2017,32328.0,1848300.0,25.0,976600.0,1624600.0,2581600.0
Hampton NHS,2018,29615.0,1749000.0,23.0,945000.0,1571000.0,2478000.0
Hampton NHS,2019,28233.0,1679000.0,22.0,909000.0,1511000.0,2383000.0
Hampton NHS,2020,8728.0,523000.0,7.0,283000.0,472000.0,743000.0
Hampton NHS,2021,8942.0,583000.0,7.0,333000.0,539000.0,870000.0
Hampton NHS,2022,12506.0,826000.0,10.0,471000.0,763000.0,1233000.0
Hampton NHS,2023,14612.0,978000.0,12.0,557000.0,903000.0,1459000.0
Hampton NHS,2024,12260.0,862000.0,8.0,436000.0,777000.0,1204000.0
Harpers Ferry NHP,2017,342535.0,16514700.0,239.0,9184000.0,15156000.0,24198600.0
Harpers Ferry NHP,2018,265737.0,13210000.0,188.0,7546000.0,12454000.0,19619000.0
Harpers Ferry NHP,2019,299576.0,15004000.0,213.0,8584000.0,14166000.0,22307000.0
Harpers Ferry NHP,2020,234473.0,11832000.0,168.0,6779000.0,11188000.0,17610000.0
Harpers Ferry NHP,2021,309901.0,16761000.0,228.0,10237000.0,16519000.0,26554000.0
Harpers Ferry NHP,2022,407008.0,22339000.0,302.0,13616000.0,21971000.0,35369000.0
Harpers Ferry NHP,2023,427317.0,23802000.0,319.0,14478000.0,23363000.0,37664000.0
Harpers Ferry NHP,2024,488049.0,29193000.0,294.0,15405000.0,27562000.0,43207000.0
Harriet Tubman Underground Railroad NHP,2023,11446.0,767000.0,10.0,312000.0,533000.0,942000.0
Harriet Tubman Underground Railroad NHP,2024,17946.0,1263000.0,12.0,473000.0,889000.0,1468000.0
Harry S Truman NHS,2017,45436.0,2597700.0,44.0,1321100.0,2230900.0,3934300.0
Harry S Truman NHS,2018,32878.0,1942000.0,32.0,1016000.0,1698000.0,2985000.0
Harry S Truman NHS,2019,30745.0,1829000.0,30.0,959000.0,1602000.0,2816000.0
Harry S Truman NHS,2020,9446.0,566000.0,9.0,297000.0,497000.0,873000.0
Harry S Truman NHS,2021,12148.0,791000.0,12.0,423000.0,696000.0,1250000.0
Harry S Truman NHS,2022,21471.0,1417000.0,21.0,757000.0,1246000.0,2241000.0
Harry S Truman NHS,2023,26327.0,1763000.0,26.0,940000.0,1548000.0,2787000.0
Harry S Truman NHS,2024,24102.0,1696000.0,19.0,849000.0,1490000.0,2534000.0
Hawaii Volcanoes NP,2017,2016702.0,166177300.0,2020.0,78840600.0,140441100.0,222394900.0
Hawaii Volcanoes NP,2018,1116890.0,94118000.0,1035.0,43374000.0,80559000.0,123476000.0
Hawaii Volcanoes NP,2019,1368375.0,116455000.0,1279.0,53795000.0,99886000.0,153036000.0
Hawaii Volcanoes NP,2020,589775.0,50224000.0,552.0,23398000.0,43424000.0,66516000.0
Hawaii Volcanoes NP,2021,1262747.0,117162000.0,1218.0,54541000.0,101491000.0,153928000.0
Hawaii Volcanoes NP,2022,1580961.0,148615000.0,1534.0,69074000.0,128524000.0,195158000.0
Hawaii Volcanoes NP,2023,1620294.0,154595000.0,1586.0,71769000.0,133618000.0,203117000.0
Hawaii Volcanoes NP,2024,1433593.0,445429000.0,3605.0,187562000.0,379589000.0,570869000.0
Herbert Hoover NHS,2017,144619.0,8268400.0,127.0,3409600.0,5847500.0,10489100.0
Herbert Hoover NHS,2018,138087.0,8154000.0,125.0,3368000.0,5844000.0,10526000.0
Herbert Hoover NHS,2019,125687.0,7476000.0,115.0,3093000.0,5368000.0,9663000.0
Herbert Hoover NHS,2020,56270.0,3371000.0,52.0,1397000.0,2425000.0,4363000.0
Herbert Hoover NHS,2021,69843.0,4547000.0,67.0,1953000.0,3240000.0,6065000.0
Herbert Hoover NHS,2022,103804.0,6855000.0,101.0,2940000.0,4878000.0,9144000.0
Herbert Hoover NHS,2023,109728.0,7349000.0,107.0,3147000.0,5221000.0,9801000.0
Herbert Hoover NHS,2024,148031.0,10417000.0,110.0,4079000.0,7605000.0,13286000.0
Home of Franklin D. Roosevelt NHS,2017,185744.0,10619700.0,133.0,5409200.0,9035000.0,14012100.0
Home of Franklin D. Roosevelt NHS,2018,154000.0,9094000.0,111.0,4653000.0,7823000.0,12073000.0
Home of Franklin D. Roosevelt NHS,2019,147109.0,8750000.0,106.0,4485000.0,7540000.0,11631000.0
Home of Franklin D. Roosevelt NHS,2020,40091.0,2402000.0,29.0,1233000.0,2074000.0,3197000.0
Home of Franklin D. Roosevelt NHS,2021,46375.0,3018000.0,36.0,1669000.0,2679000.0,4273000.0
Home of Franklin D. Roosevelt NHS,2022,100665.0,6648000.0,78.0,3670000.0,5891000.0,9409000.0
Home of Franklin D. Roosevelt NHS,2023,117789.0,7888000.0,92.0,4348000.0,6979000.0,11162000.0
Home of Franklin D. Roosevelt NHS,2024,123848.0,8715000.0,78.0,4247000.0,7474000.0,11597000.0
Homestead NHP,2017,123400.0,3984300.0,59.0,1389300.0,2347500.0,4387000.0
Homestead NHP,2018,68091.0,2274000.0,34.0,807000.0,1371000.0,2572000.0
Homestead NHP,2019,61635.0,2072000.0,31.0,737000.0,1253000.0,2348000.0
Homestead NHP,2020,40897.0,1384000.0,20.0,493000.0,839000.0,1571000.0
Homestead NHP,2021,54113.0,2020000.0,27.0,735000.0,1236000.0,2350000.0
Homestead NHP,2022,47614.0,1802000.0,24.0,655000.0,1101000.0,2097000.0
Homestead NHP,2023,49848.0,1914000.0,25.0,694000.0,1168000.0,2227000.0
Homestead NHP,2024,52330.0,2050000.0,20.0,717000.0,1297000.0,2322000.0
Hopewell Culture NHP,2017,62413.0,3568400.0,56.0,1746300.0,2924700.0,5072500.0
Hopewell Culture NHP,2018,57336.0,3386000.0,52.0,1689000.0,2836000.0,4866000.0
Hopewell Culture NHP,2019,60337.0,3589000.0,55.0,1794000.0,3011000.0,5165000.0
Hopewell Culture NHP,2020,35711.0,2140000.0,33.0,1071000.0,1798000.0,3083000.0
Hopewell Culture NHP,2021,47847.0,3115000.0,46.0,1673000.0,2680000.0,4746000.0
Hopewell Culture NHP,2022,51850.0,3424000.0,50.0,1836000.0,2941000.0,5216000.0
Hopewell Culture NHP,2023,62113.0,4160000.0,60.0,2227000.0,3568000.0,6335000.0
Hopewell Culture NHP,2024,65350.0,4599000.0,50.0,2213000.0,3890000.0,6564000.0
Hopewell Furnace NHS,2017,49306.0,2819000.0,43.0,1547400.0,2516700.0,4134899.9999999995
Hopewell Furnace NHS,2018,46407.0,2741000.0,41.0,1538000.0,2485000.0,4099000.0
Hopewell Furnace NHS,2019,49861.0,2966000.0,45.0,1668000.0,2694000.0,4442000.0
Hopewell Furnace NHS,2020,34287.0,2054000.0,31.0,1157000.0,1869000.0,3081000.0
Hopewell Furnace NHS,2021,49248.0,3206000.0,45.0,1944000.0,3028000.0,5083000.0
Hopewell Furnace NHS,2022,57238.0,3780000.0,53.0,2288000.0,3564000.0,5991000.0
Hopewell Furnace NHS,2023,54293.0,3636000.0,51.0,2197000.0,3423000.0,5761000.0
Hopewell Furnace NHS,2024,48776.0,3432000.0,36.0,1832000.0,3108000.0,5043000.0
Horseshoe Bend NMP,2017,74255.0,4245400.0,66.0,1861400.0,3161300.0,5655000.0
Horseshoe Bend NMP,2018,48491.0,2864000.0,45.0,1229000.0,2114000.0,3815000.0
Horseshoe Bend NMP,2019,45372.0,2699000.0,42.0,1160000.0,1996000.0,3600000.0
Horseshoe Bend NMP,2020,28600.0,1714000.0,27.0,738000.0,1269000.0,2289000.0
Horseshoe Bend NMP,2021,58285.0,3794000.0,58.0,1693000.0,2772000.0,5260000.0
Horseshoe Bend NMP,2022,67773.0,4475000.0,68.0,1993000.0,3265000.0,6203000.0
Horseshoe Bend NMP,2023,72725.0,4871000.0,74.0,2166000.0,3548000.0,6750000.0
Horseshoe Bend NMP,2024,64063.0,4509000.0,51.0,1853000.0,3385000.0,6011000.0
Hot Springs NP,2017,1561615.0,97854300.0,1494.0,37994100.0,70417100.0,127057800.0
Hot Springs NP,2018,1506887.0,97291000.0,1451.0,37263000.0,69654000.0,126546000.0
Hot Springs NP,2019,1467153.0,95358000.0,1420.0,36590000.0,68395000.0,124191000.0
Hot Springs NP,2020,1348215.0,88090000.0,1310.0,33858000.0,63281000.0,114842000.0
Hot Springs NP,2021,2162884.0,154494000.0,2199.0,60944000.0,110594000.0,207667000.0
Hot Springs NP,2022,2646133.0,191724000.0,2713.0,75533000.0,137087000.0,257732000.0
Hot Springs NP,2023,2502967.0,184190000.0,2591.0,72481000.0,131576000.0,247690000.0
Hot Springs NP,2024,2461812.0,189775000.0,2125.0,72527000.0,141290000.0,253410000.0
Hovenweep NM,2017,39969.0,2459300.0,35.0,917200.0,1608200.0,2912500.0
Hovenweep NM,2018,40574.0,2582000.0,36.0,927000.0,1682000.0,3089000.0
Hovenweep NM,2019,35399.0,2267000.0,31.0,815000.0,1479000.0,2715000.0
Hovenweep NM,2020,19856.0,1285000.0,18.0,463000.0,841000.0,1543000.0
Hovenweep NM,2021,26710.0,1874000.0,24.0,704000.0,1241000.0,2292000.0
Hovenweep NM,2022,28446.0,2028000.0,26.0,761000.0,1341000.0,2482000.0
Hovenweep NM,2023,35231.0,2559000.0,32.0,960000.0,1692000.0,3137000.0
Hovenweep NM,2024,31471.0,2367000.0,22.0,838000.0,1613000.0,2792000.0
Hubbell Trading Post NHS,2017,45800.0,2618500.0,43.0,877600.0,1548600.0,3031000.0
Hubbell Trading Post NHS,2018,39361.0,2324000.0,35.0,774000.0,1399000.0,2714000.0
Hubbell Trading Post NHS,2019,50285.0,2991000.0,45.0,997000.0,1803000.0,3497000.0
Hubbell Trading Post NHS,2020,11407.0,684000.0,10.0,228000.0,413000.0,800000.0
Hubbell Trading Post NHS,2021,21256.0,1384000.0,19.0,489000.0,852000.0,1640000.0
Hubbell Trading Post NHS,2022,50017.0,3302000.0,45.0,1164000.0,2029000.0,3914000.0
Hubbell Trading Post NHS,2023,54187.0,3628000.0,49.0,1277000.0,2226000.0,4301000.0
Hubbell Trading Post NHS,2024,46419.0,3266000.0,34.0,1083000.0,2057000.0,3758000.0
Ice Age NST,2024,29711.0,2091000.0,22.0,934000.0,1655000.0,2778000.0
Independence NHP,2017,4790758.0,273904600.0,3926.0,152467700.0,248008900.0,399492200.0
Independence NHP,2018,4576455.0,270253000.0,3863.0,153508000.0,248798000.0,400726000.0
Independence NHP,2019,4532460.0,269587000.0,3846.0,153404000.0,248633000.0,400300000.0
Independence NHP,2020,907089.0,54347000.0,774.0,30979000.0,50211000.0,80807000.0
Independence NHP,2021,1495686.0,97365000.0,1349.0,59784000.0,92825000.0,154508000.0
Independence NHP,2022,2688302.0,177513000.0,2442.0,108821000.0,168972000.0,281598000.0
Independence NHP,2023,3042598.0,203770000.0,2783.0,124718000.0,193661000.0,323142000.0
Independence NHP,2024,2798651.0,196937000.0,2048.0,107032000.0,181332000.0,291254000.0
Indiana Dunes NP,2017,2158471.0,92046000.0,1183.0,45690600.0,77894600.0,124216900.0
Indiana Dunes NP,2018,1756080.0,77852000.0,936.0,40147000.0,67960000.0,105893000.0
Indiana Dunes NP,2019,2134285.0,95259000.0,1143.0,49230000.0,83336000.0,129794000.0
Indiana Dunes NP,2020,2293106.0,103047000.0,1234.0,53371000.0,90347000.0,140651000.0
Indiana Dunes NP,2021,3177210.0,156287000.0,1877.0,88812000.0,141460000.0,230617000.0
Indiana Dunes NP,2022,2834180.0,141327000.0,1685.0,80203000.0,127743000.0,208509000.0
Indiana Dunes NP,2023,2765892.0,139824000.0,1655.0,79238000.0,126206000.0,206254000.0
Indiana Dunes NP,2024,2705209.0,142760000.0,1228.0,67877000.0,124668000.0,192936000.0
Isle Royale NP,2017,28196.0,6156900.0,97.0,1968200.0,3580300.0,7124600.0
Isle Royale NP,2018,25798.0,5655000.0,85.0,1806000.0,3404000.0,6454000.0
Isle Royale NP,2019,26410.0,6188000.0,92.0,1990000.0,3780000.0,7132000.0
Isle Royale NP,2020,6493.0,1104000.0,17.0,344000.0,622000.0,1200000.0
Isle Royale NP,2021,25844.0,5903000.0,101.0,1937000.0,3535000.0,7126000.0
Isle Royale NP,2022,25454.0,10368000.0,120.0,3314000.0,5809000.0,12738000.0
Isle Royale NP,2023,28965.0,12069000.0,140.0,3863000.0,6780000.0,14821000.0
Isle Royale NP,2024,28806.0,11950000.0,95.0,3759000.0,7242000.0,14175000.0
James A. Garfield NHS,2017,53535.0,1871500.0,31.0,914500.0,1533900.0,2717800.0
James A. Garfield NHS,2018,40835.0,1480000.0,24.0,743000.0,1240000.0,2180000.0
James A. Garfield NHS,2019,41304.0,1508000.0,24.0,758000.0,1266000.0,2224000.0
James A. Garfield NHS,2020,14797.0,544000.0,9.0,274000.0,458000.0,804000.0
James A. Garfield NHS,2021,20982.0,838000.0,13.0,466000.0,725000.0,1298000.0
James A. Garfield NHS,2022,32173.0,1305000.0,19.0,723000.0,1126000.0,2019000.0
James A. Garfield NHS,2023,36553.0,1503000.0,22.0,832000.0,1295000.0,2325000.0
James A. Garfield NHS,2024,39671.0,1714000.0,20.0,828000.0,1456000.0,2492000.0
Jean Lafitte NHP & PRES,2017,456667.0,26109300.0,391.0,11558300.0,19752100.0,33986700.0
Jean Lafitte NHP & PRES,2018,529878.0,31291000.0,449.0,13819000.0,24420000.0,41599000.0
Jean Lafitte NHP & PRES,2019,590330.0,35112000.0,503.0,15535000.0,27451000.0,46743000.0
Jean Lafitte NHP & PRES,2020,192600.0,11540000.0,165.0,5114000.0,9038000.0,15382000.0
Jean Lafitte NHP & PRES,2021,247749.0,16128000.0,225.0,7304000.0,12365000.0,22114000.0
Jean Lafitte NHP & PRES,2022,269748.0,17812000.0,247.0,8053000.0,13635000.0,24420000.0
Jean Lafitte NHP & PRES,2023,248353.0,16633000.0,229.0,7508000.0,12712000.0,22800000.0
Jean Lafitte NHP & PRES,2024,212591.0,14960000.0,161.0,6149000.0,11540000.0,19942000.0
Jewel Cave NM,2017,144537.0,8263600.0,125.0,3270100.0,5572700.0,10362900.0
Jewel Cave NM,2018,142355.0,8407000.0,122.0,3480000.0,5862000.0,10732000.0
Jewel Cave NM,2019,123489.0,7345000.0,107.0,3046000.0,5131000.0,9390000.0
Jewel Cave NM,2020,35878.0,2150000.0,31.0,893000.0,1504000.0,2752000.0
Jewel Cave NM,2021,108209.0,7044000.0,98.0,2870000.0,4975000.0,9287000.0
Jewel Cave NM,2022,119343.0,7880000.0,109.0,3205000.0,5556000.0,10389000.0
Jewel Cave NM,2023,121536.0,8139000.0,112.0,3305000.0,5730000.0,10730000.0
Jewel Cave NM,2024,145332.0,10227000.0,105.0,3937000.0,7475000.0,13021000.0
Jimmy Carter NHP,2017,60736.0,3472500.0,57.0,1318700.0,2247100.0,4271800.0
Jimmy Carter NHP,2018,51680.0,3052000.0,50.0,1116000.0,1958000.0,3794000.0
Jimmy Carter NHP,2019,50789.0,3021000.0,49.0,1107000.0,1942000.0,3760000.0
Jimmy Carter NHP,2020,14268.0,855000.0,14.0,314000.0,550000.0,1065000.0
Jimmy Carter NHP,2021,27615.0,1797000.0,28.0,685000.0,1171000.0,2302000.0
Jimmy Carter NHP,2022,35308.0,2331000.0,36.0,887000.0,1516000.0,2985000.0
Jimmy Carter NHP,2023,40981.0,2745000.0,42.0,1042000.0,1782000.0,3515000.0
Jimmy Carter NHP,2024,33031.0,2324000.0,27.0,810000.0,1542000.0,2898000.0
"John D. Rockefeller, Jr. MEM PKWY",2017,1433292.0,7932200.0,136.0,2938600.0,4729800.0,8768200.0
"John D. Rockefeller, Jr. MEM PKWY",2018,1504561.0,8831000.0,111.0,3419000.0,6001000.0,9545000.0
"John D. Rockefeller, Jr. MEM PKWY",2019,1426666.0,8220000.0,104.0,3170000.0,5560000.0,8843000.0
"John D. Rockefeller, Jr. MEM PKWY",2020,1373817.0,8259000.0,104.0,3211000.0,5636000.0,8958000.0
"John D. Rockefeller, Jr. MEM PKWY",2021,1603962.0,11217000.0,138.0,4922000.0,7574000.0,13151000.0
"John D. Rockefeller, Jr. MEM PKWY",2022,1091196.0,8964000.0,110.0,4146000.0,6344000.0,10688000.0
"John D. Rockefeller, Jr. MEM PKWY",2023,1382345.0,9961000.0,121.0,4382000.0,6725000.0,11657000.0
"John D. Rockefeller, Jr. MEM PKWY",2024,1459804.0,11317000.0,90.0,5003000.0,8139000.0,12699000.0
John Day Fossil Beds NM,2017,214558.0,9998800.0,150.0,3960700.0,6306600.0,11646500.0
John Day Fossil Beds NM,2018,204622.0,9894000.0,131.0,4013000.0,6586000.0,11487000.0
John Day Fossil Beds NM,2019,197091.0,9596000.0,127.0,3900000.0,6400000.0,11159000.0
John Day Fossil Beds NM,2020,88572.0,4343000.0,58.0,1769000.0,2902000.0,5058000.0
John Day Fossil Beds NM,2021,148276.0,8048000.0,98.0,3453000.0,5502000.0,9882000.0
John Day Fossil Beds NM,2022,165201.0,9093000.0,110.0,3896000.0,6208000.0,11167000.0
John Day Fossil Beds NM,2023,169016.0,9435000.0,113.0,4037000.0,6433000.0,11589000.0
John Day Fossil Beds NM,2024,122529.0,9542000.0,94.0,4257000.0,7456000.0,12588000.0
John F. Kennedy NHS,2017,30400.0,1738100.0,23.0,947800.0,1544100.0,2464200.0
John F. Kennedy NHS,2018,24077.0,1422000.0,19.0,786000.0,1290000.0,2030000.0
John F. Kennedy NHS,2019,24838.0,1477000.0,19.0,818000.0,1343000.0,2112000.0
John F. Kennedy NHS,2020,451.0,27000.0,0.0,15000.0,25000.0,39000.0
John F. Kennedy NHS,2021,0.0,0.0,0.0,0.0,0.0,0.0
John F. Kennedy NHS,2022,100.0,7000.0,0.0,4000.0,6000.0,10000.0
John F. Kennedy NHS,2023,8182.0,548000.0,7.0,330000.0,514000.0,834000.0
John F. Kennedy NHS,2024,18180.0,1279000.0,12.0,718000.0,1206000.0,1871000.0
John Muir NHS,2017,46876.0,2680100.0,34.0,1485000.0,2346000.0,3699800.0
John Muir NHS,2018,46956.0,2773000.0,33.0,1584000.0,2510000.0,3812000.0
John Muir NHS,2019,40725.0,2422000.0,28.0,1386000.0,2197000.0,3335000.0
John Muir NHS,2020,33602.0,2013000.0,24.0,1154000.0,1829000.0,2775000.0
John Muir NHS,2021,36904.0,2402000.0,26.0,1426000.0,2193000.0,3370000.0
John Muir NHS,2022,38878.0,2567000.0,27.0,1522000.0,2341000.0,3601000.0
John Muir NHS,2023,50872.0,3407000.0,36.0,2016000.0,3101000.0,4778000.0
John Muir NHS,2024,45753.0,3219000.0,27.0,1741000.0,2931000.0,4361000.0
Johnstown Flood NMEM,2017,171376.0,10336400.0,168.0,5212400.0,8456600.0,14705700.0
Johnstown Flood NMEM,2018,146269.0,9132000.0,149.0,4703000.0,7641000.0,13360000.0
Johnstown Flood NMEM,2019,183143.0,11523000.0,188.0,5942000.0,9653000.0,16875000.0
Johnstown Flood NMEM,2020,87805.0,5567000.0,91.0,2874000.0,4670000.0,8161000.0
Johnstown Flood NMEM,2021,148654.0,10236000.0,155.0,5675000.0,8797000.0,15702000.0
Johnstown Flood NMEM,2022,148142.0,10354000.0,156.0,5727000.0,8877000.0,15872000.0
Johnstown Flood NMEM,2023,159403.0,11310000.0,169.0,6241000.0,9674000.0,17327000.0
Johnstown Flood NMEM,2024,95842.0,7175000.0,81.0,3617000.0,6175000.0,10434000.0
Joshua Tree NP,2017,2853619.0,137625400.0,1789.0,67602700.0,112140800.0,182717500.0
Joshua Tree NP,2018,2942381.0,146479000.0,1823.0,71879000.0,122394000.0,195883000.0
Joshua Tree NP,2019,2988547.0,149952000.0,1864.0,73726000.0,125566000.0,200853000.0
Joshua Tree NP,2020,2399542.0,121857000.0,1512.0,60065000.0,102413000.0,163752000.0
Joshua Tree NP,2021,3064400.0,169725000.0,2037.0,76696000.0,124069000.0,207828000.0
Joshua Tree NP,2022,3058294.0,171013000.0,2037.0,77112000.0,124692000.0,209054000.0
Joshua Tree NP,2023,3270404.0,185818000.0,2202.0,83720000.0,135427000.0,227384000.0
Joshua Tree NP,2024,2991874.0,179292000.0,1633.0,73560000.0,130440000.0,214109000.0
Kalaupapa NHP,2017,76513.0,4374500.0,54.0,2095300.0000000002,3572200.0,5708900.0
Kalaupapa NHP,2018,72145.0,4260000.0,48.0,1976000.0,3534000.0,5470000.0
Kalaupapa NHP,2019,69400.0,4128000.0,46.0,1918000.0,3431000.0,5308000.0
Kalaupapa NHP,2020,15848.0,950000.0,11.0,446000.0,797000.0,1233000.0
Kalaupapa NHP,2021,25252.0,1644000.0,17.0,766000.0,1375000.0,2119000.0
Kalaupapa NHP,2022,38771.0,2560000.0,26.0,1191000.0,2138000.0,3300000.0
Kalaupapa NHP,2023,46981.0,3147000.0,32.0,1461000.0,2624000.0,4056000.0
Kalaupapa NHP,2024,30774.0,2165000.0,18.0,949000.0,1836000.0,2771000.0
Kaloko Honokohau NHP,2017,196856.0,11254900.0,140.0,5390900.0,9190600.0,14688100.0
Kaloko Honokohau NHP,2018,218015.0,12874000.0,144.0,5971000.0,10680000.0,16529000.0
Kaloko Honokohau NHP,2019,232920.0,13854000.0,155.0,6438000.0,11515000.0,17815000.0
Kaloko Honokohau NHP,2020,133877.0,8021000.0,90.0,3764000.0,6734000.0,10413000.0
Kaloko Honokohau NHP,2021,262653.0,17098000.0,177.0,7965000.0,14304000.0,22040000.0
Kaloko Honokohau NHP,2022,291342.0,19238000.0,198.0,8947000.0,16069000.0,24797000.0
Kaloko Honokohau NHP,2023,292400.0,19583000.0,200.0,9093000.0,16332000.0,25241000.0
Kaloko Honokohau NHP,2024,351422.0,24729000.0,204.0,10840000.0,20966000.0,31648000.0
Katahdin Woods and Waters NM,2020,41432.0,2724000.0,38.0,999000.0,1841000.0,3271000.0
Katahdin Woods and Waters NM,2021,39485.0,2809000.0,38.0,1140000.0,1973000.0,3599000.0
Katahdin Woods and Waters NM,2022,43231.0,3097000.0,41.0,1253000.0,2168000.0,3960000.0
Katahdin Woods and Waters NM,2023,38455.0,2820000.0,37.0,1142000.0,1976000.0,3615000.0
Katahdin Woods and Waters NM,2024,35173.0,2702000.0,26.0,1064000.0,2048000.0,3440000.0
Katmai NP & PRES,2017,37818.0,58068200.0,756.0,26879700.0,50974000.0,84646600.0
Katmai NP & PRES,2018,37818.0,57441000.0,707.0,26899000.0,50342000.0,81645000.0
Katmai NP & PRES,2019,84167.0,128681000.0,1584.0,60394000.0,113052000.0,183096000.0
Katmai NP & PRES,2020,51511.0,79269000.0,975.0,37287000.0,69812000.0,112909000.0
Katmai NP & PRES,2021,24764.0,40348000.0,569.0,22102000.0,35257000.0,60382000.0
Katmai NP & PRES,2022,33908.0,55973000.0,785.0,30636000.0,48885000.0,83763000.0
Katmai NP & PRES,2023,33763.0,56471000.0,788.0,30883000.0,49295000.0,84506000.0
Katmai NP & PRES,2024,36230.0,70525000.0,659.0,34294000.0,61978000.0,101043000.0
Kenai Fjords NP,2017,303598.0,53511200.0,1046.0,28170700.0,43720000.0,78907300.0
Kenai Fjords NP,2018,321596.0,58752000.0,1004.0,31995000.0,48971000.0,84499000.0
Kenai Fjords NP,2019,356601.0,65496000.0,1118.0,35714000.0,54627000.0,94273000.0
Kenai Fjords NP,2020,115882.0,21215000.0,363.0,11597000.0,17692000.0,30560000.0
Kenai Fjords NP,2021,411782.0,79270000.0,1379.0,49496000.0,67062000.0,121073000.0
Kenai Fjords NP,2022,389943.0,76465000.0,1320.0,47578000.0,64499000.0,116680000.0
Kenai Fjords NP,2023,387525.0,77071000.0,1322.0,47815000.0,64799000.0,117498000.0
Kenai Fjords NP,2024,419468.0,92753000.0,1187.0,49649000.0,77447000.0,131149000.0
Kennesaw Mountain NBP,2017,2593725.0,148292400.0,2315.0,78380000.0,131822100.0,223176300.0
Kennesaw Mountain NBP,2018,2549164.0,150535000.0,2314.0,79863000.0,135660000.0,228008000.0
Kennesaw Mountain NBP,2019,2621049.0,155898000.0,2391.0,82857000.0,140747000.0,236464000.0
Kennesaw Mountain NBP,2020,2356400.0,141182000.0,2161.0,75165000.0,127684000.0,214432000.0
Kennesaw Mountain NBP,2021,1800823.0,117229000.0,1721.0,64040000.0,106998000.0,184769000.0
Kennesaw Mountain NBP,2022,1322003.0,87294000.0,1272.0,47611000.0,79553000.0,137541000.0
Kennesaw Mountain NBP,2023,1499217.0,100406000.0,1453.0,54675000.0,91359000.0,158146000.0
Kennesaw Mountain NBP,2024,1495856.0,105262000.0,1155.0,53913000.0,97010000.0,159134000.0
Keweenaw NHP,2017,16480.0,942200.0,14.0,245700.0,491700.0,984000.0
Keweenaw NHP,2018,20416.0,1206000.0,18.0,337000.0,655000.0,1274000.0
Keweenaw NHP,2019,20536.0,1221000.0,18.0,342000.0,665000.0,1292000.0
Keweenaw NHP,2020,2130.0,128000.0,2.0,36000.0,70000.0,135000.0
Keweenaw NHP,2021,12457.0,811000.0,11.0,251000.0,456000.0,904000.0
Keweenaw NHP,2022,15255.0,1007000.0,14.0,311000.0,566000.0,1123000.0
Keweenaw NHP,2023,29221.0,1956000.0,27.0,603000.0,1098000.0,2182000.0
Keweenaw NHP,2024,31191.0,2195000.0,23.0,674000.0,1324000.0,2436000.0
Kings Canyon NP,2017,692932.0,58740900.0,863.0,25590500.0,41579500.0,73561500.0
Kings Canyon NP,2018,699023.0,61146000.0,809.0,27293000.0,44792000.0,75433000.0
Kings Canyon NP,2019,632111.0,56084000.0,742.0,25089000.0,41226000.0,69399000.0
Kings Canyon NP,2020,415077.0,35782000.0,468.0,15902000.0,26344000.0,44391000.0
Kings Canyon NP,2021,562918.0,51833000.0,663.0,24653000.0,39189000.0,66640000.0
Kings Canyon NP,2022,640986.0,60732000.0,776.0,28920000.0,46097000.0,78599000.0
Kings Canyon NP,2023,643065.0,61219000.0,780.0,29092000.0,46560000.0,79638000.0
Kings Canyon NP,2024,699389.0,72735000.0,729.0,30973000.0,53557000.0,90685000.0
Kings Mountain NMP,2017,291842.0,11427900.0,175.0,5404800.0,9020700.0,15590500.0
Kings Mountain NMP,2018,287635.0,11631000.0,169.0,5714000.0,9363000.0,15878000.0
Kings Mountain NMP,2019,262031.0,10669000.0,155.0,5253000.0,8607000.0,14588000.0
Kings Mountain NMP,2020,249477.0,10228000.0,148.0,5045000.0,8267000.0,14006000.0
Kings Mountain NMP,2021,265666.0,11868000.0,164.0,5971000.0,9774000.0,17099000.0
Kings Mountain NMP,2022,238656.0,10809000.0,149.0,5432000.0,8892000.0,15573000.0
Kings Mountain NMP,2023,219267.0,10068000.0,138.0,5054000.0,8273000.0,14505000.0
Kings Mountain NMP,2024,182463.0,8742000.0,93.0,4054000.0,7222000.0,12227000.0
Klondike Gold Rush NHP Alaska,2017,991245.0,166265200.0,3205.0,87078000.0,136063200.0,244490200.0
Klondike Gold Rush NHP Alaska,2018,1099943.0,163257000.0,2457.0,85661000.0,125489000.0,205072000.0
Klondike Gold Rush NHP Alaska,2019,1225961.0,181622000.0,2725.0,95382000.0,139916000.0,228442000.0
Klondike Gold Rush NHP Alaska,2020,13299.0,829000.0,10.0,402000.0,717000.0,1099000.0
Klondike Gold Rush NHP Alaska,2021,69205.0,7843000.0,109.0,4702000.0,6442000.0,10390000.0
Klondike Gold Rush NHP Alaska,2022,403332.0,61401000.0,911.0,38656000.0,49006000.0,80303000.0
Klondike Gold Rush NHP Alaska,2023,1356310.0,213681000.0,2847.0,125518000.0,159510000.0,271491000.0
Klondike Gold Rush NHP Alaska,2024,1336008.0,219983000.0,2342.0,110668000.0,161980000.0,265262000.0
Klondike Gold Rush NHP Seattle,2024,81652.0,5746000.0,44.0,2580000.0,5156000.0,7559000.0
Knife River Indian Villages NHS,2017,11645.0,665800.0,8.0,291900.0,470200.0,846800.0
Knife River Indian Villages NHS,2018,11682.0,690000.0,10.0,308000.0,502000.0,910000.0
Knife River Indian Villages NHS,2019,10354.0,616000.0,9.0,276000.0,449000.0,814000.0
Knife River Indian Villages NHS,2020,5263.0,315000.0,5.0,142000.0,231000.0,417000.0
Knife River Indian Villages NHS,2021,11223.0,731000.0,10.0,302000.0,502000.0,944000.0
Knife River Indian Villages NHS,2022,9217.0,609000.0,8.0,252000.0,418000.0,787000.0
Knife River Indian Villages NHS,2023,8134.0,545000.0,7.0,225000.0,373000.0,704000.0
Knife River Indian Villages NHS,2024,10867.0,765000.0,8.0,304000.0,536000.0,977000.0
Kobuk Valley NP,2017,15500.0,23799900.0,310.0,11016900.0,20892300.0,34693400.0
Kobuk Valley NP,2018,14937.0,22686000.0,279.0,10624000.0,19882000.0,32245000.0
Kobuk Valley NP,2019,15766.0,24106000.0,297.0,11314000.0,21178000.0,34300000.0
Kobuk Valley NP,2020,11185.0,17214000.0,212.0,8097000.0,15161000.0,24520000.0
Kobuk Valley NP,2021,11540.0,18802000.0,265.0,10300000.0,16430000.0,28138000.0
Kobuk Valley NP,2022,16925.0,27939000.0,392.0,15292000.0,24401000.0,41810000.0
Kobuk Valley NP,2023,17616.0,29464000.0,411.0,16113000.0,25720000.0,44092000.0
Kobuk Valley NP,2024,17233.0,33545000.0,314.0,16312000.0,29480000.0,48061000.0
Korean War Veterans MEM,2017,4155946.0,76947000.0,1024.0,40554000.0,68878000.0,109196000.0
Korean War Veterans MEM,2018,4107521.0,78578000.0,1021.0,42702000.0,72263000.0,113134000.0
Korean War Veterans MEM,2019,3841633.0,74038000.0,960.0,40298000.0,68195000.0,106726000.0
Korean War Veterans MEM,2020,1363714.0,26482000.0,343.0,14435000.0,24428000.0,38216000.0
Korean War Veterans MEM,2021,2986751.0,62735000.0,790.0,36335000.0,60130000.0,96199000.0
Korean War Veterans MEM,2022,4010009.0,112205000.0,1499.0,71363000.0,114558000.0,174570000.0
Korean War Veterans MEM,2023,4132456.0,117360000.0,1559.0,74476000.0,119556000.0,182460000.0
Korean War Veterans MEM,2024,4344305.0,126850000.0,1183.0,70590000.0,124172000.0,184634000.0
LBJ Memorial Grove on the Potomac,2017,277402.0,15860100.0,210.0,8243400.0,13703400.0,21746800.0
LBJ Memorial Grove on the Potomac,2018,261225.0,15426000.0,201.0,8235000.0,13704000.0,21475000.0
LBJ Memorial Grove on the Potomac,2019,244246.0,14528000.0,189.0,7769000.0,12930000.0,20253000.0
LBJ Memorial Grove on the Potomac,2020,211228.0,12656000.0,164.0,6780000.0,11283000.0,17666000.0
LBJ Memorial Grove on the Potomac,2021,232875.0,15159000.0,188.0,8583000.0,14024000.0,22455000.0
LBJ Memorial Grove on the Potomac,2022,242325.0,16000000.0,197.0,9045000.0,14780000.0,23697000.0
LBJ Memorial Grove on the Potomac,2023,260344.0,17435000.0,213.0,9841000.0,16080000.0,25815000.0
LBJ Memorial Grove on the Potomac,2024,241358.0,16984000.0,158.0,8430000.0,15273000.0,23639000.0
Lake Chelan NRA,2017,38463.0,2576300.0,31.0,1169000.0,2162600.0,3378600.0
Lake Chelan NRA,2018,38839.0,2685000.0,28.0,1268000.0,2323000.0,3478000.0
Lake Chelan NRA,2019,38785.0,2831000.0,30.0,1346000.0,2471000.0,3696000.0
Lake Chelan NRA,2020,30599.0,2149000.0,23.0,1018000.0,1865000.0,2790000.0
Lake Chelan NRA,2021,40511.0,2968000.0,29.0,1474000.0,2595000.0,3927000.0
Lake Chelan NRA,2022,38207.0,3047000.0,30.0,1524000.0,2691000.0,4074000.0
Lake Chelan NRA,2023,39419.0,3186000.0,31.0,1592000.0,2811000.0,4261000.0
Lake Chelan NRA,2024,30815.0,2442000.0,17.0,1042000.0,2134000.0,3061000.0
Lake Clark NP & PRES,2017,22755.0,34939200.0,455.0,16173300.0,30670700.0,50931300.0
Lake Clark NP & PRES,2018,14479.0,21992000.0,271.0,10298000.0,19274000.0,31259000.0
Lake Clark NP & PRES,2019,17157.0,26230000.0,323.0,12311000.0,23045000.0,37322000.0
Lake Clark NP & PRES,2020,4948.0,7617000.0,94.0,3583000.0,6709000.0,10850000.0
Lake Clark NP & PRES,2021,18278.0,29779000.0,420.0,16312000.0,26021000.0,44565000.0
Lake Clark NP & PRES,2022,18187.0,30024000.0,421.0,16433000.0,26222000.0,44930000.0
Lake Clark NP & PRES,2023,16728.0,27981000.0,390.0,15302000.0,24425000.0,41872000.0
Lake Clark NP & PRES,2024,18505.0,36022000.0,337.0,17516000.0,31656000.0,51610000.0
Lake Mead NRA,2017,7882339.0,336260300.0,4192.0,145706400.0,240843100.0,391567900.0
Lake Mead NRA,2018,7578958.0,336122000.0,3986.0,149489000.0,246533000.0,396596000.0
Lake Mead NRA,2019,7499049.0,335795000.0,3979.0,149784000.0,246917000.0,396952000.0
Lake Mead NRA,2020,8016509.0,360764000.0,4266.0,161171000.0,265985000.0,427513000.0
Lake Mead NRA,2021,7603474.0,373668000.0,4054.0,167550000.0,281033000.0,457279000.0
Lake Mead NRA,2022,5578226.0,279845000.0,3021.0,125518000.0,210505000.0,342944000.0
Lake Mead NRA,2023,5798541.0,292463000.0,3131.0,130744000.0,219232000.0,357760000.0
Lake Mead NRA,2024,6412854.0,408444000.0,3661.0,192320000.0,347686000.0,553411000.0
Lake Meredith NRA,2017,1329076.0,56451600.0,774.0,20585500.0,35089500.0,63831200.0
Lake Meredith NRA,2018,1106232.0,48845000.0,652.0,18287000.0,30430000.0,55236000.0
Lake Meredith NRA,2019,1328341.0,58996000.0,786.0,22136000.0,36819000.0,66789000.0
Lake Meredith NRA,2020,1612785.0,72166000.0,961.0,27137000.0,45152000.0,81869000.0
Lake Meredith NRA,2021,1307769.0,64076000.0,864.0,24505000.0,38703000.0,75591000.0
Lake Meredith NRA,2022,1276717.0,31286000.0,240.0,7623000.0,11772000.0,22364000.0
Lake Meredith NRA,2023,1337683.0,33113000.0,253.0,8085000.0,12482000.0,23730000.0
Lake Meredith NRA,2024,1212905.0,30223000.0,160.0,6184000.0,11338000.0,19077000.0
Lake Roosevelt NRA,2017,1304403.0,55695200.0,747.0,20389200.0,37409500.0,64714700.0
Lake Roosevelt NRA,2018,1276723.0,56413000.0,689.0,21703000.0,39677000.0,65953000.0
Lake Roosevelt NRA,2019,1358818.0,60635000.0,740.0,23381000.0,42790000.0,71096000.0
Lake Roosevelt NRA,2020,1519403.0,68533000.0,835.0,26478000.0,48554000.0,80645000.0
Lake Roosevelt NRA,2021,1336629.0,66431000.0,767.0,27072000.0,48488000.0,82640000.0
Lake Roosevelt NRA,2022,1128725.0,56623000.0,649.0,23024000.0,41238000.0,70394000.0
Lake Roosevelt NRA,2023,1140360.0,59200000.0,676.0,24131000.0,43311000.0,74009000.0
Lake Roosevelt NRA,2024,1091489.0,57831000.0,462.0,19761000.0,42595000.0,67205000.0
Lassen Volcanic NP,2017,507256.0,30096800.0,437.0,11492500.0,18690000.0,34535700.0
Lassen Volcanic NP,2018,499435.0,30328000.0,406.0,11645000.0,19321000.0,34285000.0
Lassen Volcanic NP,2019,517038.0,31906000.0,427.0,12286000.0,20404000.0,36199000.0
Lassen Volcanic NP,2020,542274.0,33295000.0,444.0,12835000.0,21287000.0,37718000.0
Lassen Volcanic NP,2021,359635.0,24328000.0,304.0,10371000.0,16574000.0,29146000.0
Lassen Volcanic NP,2022,446291.0,30014000.0,371.0,12738000.0,20341000.0,35786000.0
Lassen Volcanic NP,2023,418978.0,40318000.0,507.0,19427000.0,30619000.0,51059000.0
Lassen Volcanic NP,2024,357651.0,34895000.0,320.0,13748000.0,23996000.0,40687000.0
Lava Beds NM,2017,135286.0,5621300.0,74.0,2004900.0,3176700.0,5947500.0
Lava Beds NM,2018,127771.0,5476000.0,66.0,2000000.0,3246000.0,5710000.0
Lava Beds NM,2019,109629.0,4724000.0,57.0,1731000.0,2807000.0,4932000.0
Lava Beds NM,2020,111259.0,4850000.0,58.0,1777000.0,2896000.0,5090000.0
Lava Beds NM,2021,103946.0,5050000.0,58.0,2035000.0,3160000.0,5643000.0
Lava Beds NM,2022,130969.0,6448000.0,74.0,2597000.0,4032000.0,7208000.0
Lava Beds NM,2023,136164.0,6785000.0,77.0,2730000.0,4238000.0,7581000.0
Lava Beds NM,2024,127563.0,6465000.0,57.0,2353000.0,4135000.0,7082000.0
Lewis & Clark NHP,2017,293355.0,16772200.0,260.0,8265100.0,13837000.0,23855800.0
Lewis & Clark NHP,2018,286349.0,16910000.0,233.0,8532000.0,14498000.0,23796000.0
Lewis & Clark NHP,2019,270993.0,16118000.0,222.0,8147000.0,13845000.0,22714000.0
Lewis & Clark NHP,2020,161231.0,9660000.0,133.0,4891000.0,8312000.0,13631000.0
Lewis & Clark NHP,2021,274230.0,17851000.0,235.0,9644000.0,15741000.0,26386000.0
Lewis & Clark NHP,2022,279924.0,18484000.0,242.0,9970000.0,16273000.0,27315000.0
Lewis & Clark NHP,2023,284739.0,19069000.0,248.0,10270000.0,16762000.0,28173000.0
Lewis & Clark NHP,2024,267118.0,18797000.0,176.0,8725000.0,16252000.0,25791000.0
Lincoln Boyhood NMEM,2017,143650.0,6675700.0,112.0,3036400.0,5105300.0,9152300.0
Lincoln Boyhood NMEM,2018,133850.0,6440000.0,98.0,2897000.0,5019000.0,8726000.0
Lincoln Boyhood NMEM,2019,138715.0,6725000.0,102.0,3029000.0,5248000.0,9122000.0
Lincoln Boyhood NMEM,2020,110691.0,5407000.0,82.0,2439000.0,4226000.0,7343000.0
Lincoln Boyhood NMEM,2021,114353.0,6021000.0,93.0,3053000.0,4798000.0,8752000.0
Lincoln Boyhood NMEM,2022,105819.0,5649000.0,87.0,2861000.0,4496000.0,8210000.0
Lincoln Boyhood NMEM,2023,128973.0,6981000.0,107.0,3532000.0,5550000.0,10146000.0
Lincoln Boyhood NMEM,2024,129904.0,7459000.0,84.0,3305000.0,5994000.0,10148000.0
Lincoln Home NHS,2017,232265.0,13777300.0,207.0,5391600.0,9730300.0,17184700.0
Lincoln Home NHS,2018,197717.0,12143000.0,175.0,4528000.0,8652000.0,15121000.0
Lincoln Home NHS,2019,197817.0,12240000.0,176.0,4571000.0,8734000.0,15258000.0
Lincoln Home NHS,2020,27744.0,1730000.0,25.0,647000.0,1236000.0,2158000.0
Lincoln Home NHS,2021,89964.0,6063000.0,85.0,2541000.0,4437000.0,8072000.0
Lincoln Home NHS,2022,145144.0,9926000.0,138.0,4152000.0,7250000.0,13211000.0
Lincoln Home NHS,2023,158920.0,11029000.0,152.0,4604000.0,8039000.0,14675000.0
Lincoln Home NHS,2024,154522.0,11302000.0,110.0,4023000.0,8354000.0,13903000.0
Lincoln MEM,2017,7956117.0,147306800.0,1963.0,77636400.0,131859600.0,209044100.0
Lincoln MEM,2018,7804683.0,149306000.0,1940.0,81138000.0,137307000.0,214966000.0
Lincoln MEM,2019,7808182.0,150484000.0,1951.0,81905000.0,138607000.0,216922000.0
Lincoln MEM,2020,2980074.0,57871000.0,749.0,31544000.0,53382000.0,83513000.0
Lincoln MEM,2021,5792331.0,121666000.0,1532.0,70466000.0,116614000.0,186564000.0
Lincoln MEM,2022,7825397.0,166756000.0,2086.0,96417000.0,159561000.0,255608000.0
Lincoln MEM,2023,8099148.0,175072000.0,2174.0,101051000.0,167233000.0,268254000.0
Lincoln MEM,2024,8479349.0,194009000.0,1829.0,99224000.0,180994000.0,277872000.0
Little Bighorn Battlefield NM,2017,296128.0,16930700.0,275.0,7508500.0,11906200.0,22365100.0
Little Bighorn Battlefield NM,2018,272591.0,16097000.0,248.0,7227000.0,11530000.0,21117000.0
Little Bighorn Battlefield NM,2019,241305.0,14353000.0,220.0,6455000.0,10299000.0,18854000.0
Little Bighorn Battlefield NM,2020,97461.0,5839000.0,90.0,2631000.0,4197000.0,7681000.0
Little Bighorn Battlefield NM,2021,211296.0,13755000.0,203.0,6251000.0,9417000.0,18155000.0
Little Bighorn Battlefield NM,2022,168433.0,11121000.0,163.0,5046000.0,7602000.0,14679000.0
Little Bighorn Battlefield NM,2023,227295.0,15222000.0,222.0,6896000.0,10389000.0,20090000.0
Little Bighorn Battlefield NM,2024,111825.0,7869000.0,91.0,3354000.0,5659000.0,10448000.0
Little River Canyon NPRES,2017,367058.0,20986000.0,332.0,8955000.0,15109500.0,27369400.0
Little River Canyon NPRES,2018,441177.0,26053000.0,404.0,11146000.0,19133000.0,34465000.0
Little River Canyon NPRES,2019,649985.0,38660000.0,598.0,16569000.0,28443000.0,51214000.0
Little River Canyon NPRES,2020,802375.0,48074000.0,743.0,20639000.0,35431000.0,63766000.0
Little River Canyon NPRES,2021,862606.0,56153000.0,833.0,25048000.0,41474000.0,76804000.0
Little River Canyon NPRES,2022,726239.0,47955000.0,707.0,21358000.0,35365000.0,65582000.0
Little River Canyon NPRES,2023,700638.0,46923000.0,687.0,20865000.0,34550000.0,64161000.0
Little River Canyon NPRES,2024,763209.0,53705000.0,581.0,21948000.0,40437000.0,70188000.0
Little Rock Central High School NHS,2017,170413.0,9743100.0,157.0,4020000.0,7229000.0,13047100.0
Little Rock Central High School NHS,2018,149098.0,8805000.0,140.0,3538000.0,6494000.0,11814000.0
Little Rock Central High School NHS,2019,168918.0,10047000.0,159.0,4044000.0,7424000.0,13500000.0
Little Rock Central High School NHS,2020,68498.0,4104000.0,65.0,1655000.0,3038000.0,5521000.0
Little Rock Central High School NHS,2021,84839.0,5523000.0,82.0,2293000.0,4077000.0,7673000.0
Little Rock Central High School NHS,2022,92108.0,6082000.0,90.0,2521000.0,4482000.0,8449000.0
Little Rock Central High School NHS,2023,58571.0,3923000.0,58.0,1623000.0,2886000.0,5448000.0
Little Rock Central High School NHS,2024,63767.0,4487000.0,53.0,1793000.0,3435000.0,6196000.0
Longfellow House Washington's HQ NHS,2017,51606.0,2950500.0,41.0,1613600.0,2623500.0,4182500.0
Longfellow House Washington's HQ NHS,2018,60528.0,3574000.0,47.0,1983000.0,3254000.0,5112000.0
Longfellow House Washington's HQ NHS,2019,55013.0,3272000.0,43.0,1818000.0,2984000.0,4686000.0
Longfellow House Washington's HQ NHS,2020,30015.0,1798000.0,24.0,1001000.0,1643000.0,2579000.0
Longfellow House Washington's HQ NHS,2021,35895.0,2337000.0,29.0,1413000.0,2204000.0,3562000.0
Longfellow House Washington's HQ NHS,2022,60558.0,3998000.0,50.0,2415000.0,3765000.0,6094000.0
Longfellow House Washington's HQ NHS,2023,67376.0,4512000.0,56.0,2720000.0,4242000.0,6874000.0
Longfellow House Washington's HQ NHS,2024,51496.0,3624000.0,35.0,2046000.0,3428000.0,5312000.0
Lowell NHP,2017,562499.0,32160100.0,445.0,17521700.0,28519100.0,45553700.0
Lowell NHP,2018,507276.0,29956000.0,395.0,16542000.0,27208000.0,42784000.0
Lowell NHP,2019,481536.0,28641000.0,377.0,15845000.0,26061000.0,40963000.0
Lowell NHP,2020,53954.0,3232000.0,42.0,1791000.0,2946000.0,4629000.0
Lowell NHP,2021,49721.0,3237000.0,41.0,1954000.0,3050000.0,4929000.0
Lowell NHP,2022,209284.0,13819000.0,173.0,8330000.0,13001000.0,21041000.0
Lowell NHP,2023,256303.0,17165000.0,213.0,10330000.0,16123000.0,26127000.0
Lowell NHP,2024,264456.0,18609000.0,178.0,10453000.0,17549000.0,27191000.0
Lyndon B. Johnson NHP,2017,146119.0,8354200.000000001,123.0,4104899.9999999995,7024800.0,11889000.0
Lyndon B. Johnson NHP,2018,121500.0,7175000.0,102.0,3601000.0,6120000.0,10234000.0
Lyndon B. Johnson NHP,2019,111972.0,6660000.0,95.0,3348000.0,5691000.0,9513000.0
Lyndon B. Johnson NHP,2020,75322.0,4513000.0,64.0,2273000.0,3863000.0,6454000.0
Lyndon B. Johnson NHP,2021,133914.0,8717000.0,129.0,4653000.0,7276000.0,13175000.0
Lyndon B. Johnson NHP,2022,87386.0,5770000.0,85.0,3075000.0,4809000.0,8718000.0
Lyndon B. Johnson NHP,2023,118819.0,7958000.0,116.0,4234000.0,6621000.0,12021000.0
Lyndon B. Johnson NHP,2024,119278.0,13497000.0,147.0,7143000.0,12930000.0,21625000.0
Maggie L. Walker NHS,2017,10738.0,614000.0,8.0,271700.0,469200.0,826300.0
Maggie L. Walker NHS,2018,10961.0,647000.0,10.0,292000.0,508000.0,882000.0
Maggie L. Walker NHS,2019,9601.0,571000.0,9.0,258000.0,449000.0,779000.0
Maggie L. Walker NHS,2020,1849.0,111000.0,2.0,50000.0,87000.0,151000.0
Maggie L. Walker NHS,2021,2568.0,167000.0,2.0,80000.0,134000.0,239000.0
Maggie L. Walker NHS,2022,4815.0,318000.0,5.0,151000.0,253000.0,454000.0
Maggie L. Walker NHS,2023,6382.0,427000.0,6.0,202000.0,340000.0,610000.0
Maggie L. Walker NHS,2024,6310.0,444000.0,5.0,189000.0,354000.0,598000.0
Mammoth Cave NP,2017,587854.0,48145500.0,706.0,22993600.0,39264500.0,66846600.00000001
Mammoth Cave NP,2018,533206.0,45094000.0,598.0,21969000.0,37614000.0,61621000.0
Mammoth Cave NP,2019,551589.0,48079000.0,637.0,23517000.0,40341000.0,66053000.0
Mammoth Cave NP,2020,290392.0,25146000.0,333.0,12307000.0,21089000.0,34507000.0
Mammoth Cave NP,2021,515774.0,47874000.0,643.0,25464000.0,40940000.0,69198000.0
Mammoth Cave NP,2022,663147.0,62024000.0,828.0,32923000.0,52970000.0,89639000.0
Mammoth Cave NP,2023,654450.0,62024000.0,822.0,32873000.0,52870000.0,89560000.0
Mammoth Cave NP,2024,747042.0,73238000.0,883.0,31099000.0,53157000.0,97268000.0
Manassas NBP,2017,605577.0,34623000.0,455.0,17955900.0,29817000.0,47176400.0
Manassas NBP,2018,542005.0,32007000.0,412.0,17029000.0,28383000.0,44349000.0
Manassas NBP,2019,510428.0,30360000.0,390.0,16182000.0,26971000.0,42124000.0
Manassas NBP,2020,558036.0,33434000.0,429.0,17851000.0,29754000.0,46451000.0
Manassas NBP,2021,516604.0,33630000.0,412.0,18923000.0,30950000.0,49415000.0
Manassas NBP,2022,532727.0,35177000.0,428.0,19763000.0,32323000.0,51676000.0
Manassas NBP,2023,564905.0,37834000.0,458.0,21222000.0,34711000.0,55566000.0
Manassas NBP,2024,541965.0,38137000.0,352.0,18835000.0,34166000.0,52773000.0
Manhattan Project NHP,2017,89598.0,2102500.0,29.0,833800.0,1352000.0,2343200.0
Manhattan Project NHP,2018,69543.0,2231000.0,28.0,888000.0,1505000.0,2525000.0
Manhattan Project NHP,2019,79871.0,2812000.0,36.0,1121000.0,1905000.0,3200000.0
Manhattan Project NHP,2020,11391.0,287000.0,3.0,119000.0,192000.0,328000.0
Manhattan Project NHP,2021,26063.0,886000.0,11.0,376000.0,605000.0,1078000.0
Manhattan Project NHP,2022,27265.0,1126000.0,14.0,467000.0,775000.0,1348000.0
Manhattan Project NHP,2023,60100.0,2492000.0,31.0,1031000.0,1714000.0,2984000.0
Manhattan Project NHP,2024,74693.0,5335000.0,49.0,2276000.0,4152000.0,6713000.0
Manzanar NHS,2017,114461.0,11683400.0,164.0,4884700.0,7874600.0,13731600.0
Manzanar NHS,2018,104080.0,11026000.0,137.0,4751000.0,7747000.0,12790000.0
Manzanar NHS,2019,97381.0,10390000.0,129.0,4485000.0,7314000.0,12069000.0
Manzanar NHS,2020,65288.0,7015000.0,87.0,3034000.0,4947000.0,8160000.0
Manzanar NHS,2021,117113.0,13739000.0,164.0,6182000.0,9945000.0,17091000.0
Manzanar NHS,2022,116843.0,13903000.0,164.0,6247000.0,10048000.0,17296000.0
Manzanar NHS,2023,105416.0,12722000.0,150.0,5707000.0,9181000.0,15828000.0
Manzanar NHS,2024,93854.0,11794000.0,108.0,4652000.0,8246000.0,13632000.0
Marsh-Billings-Rockefeller NHP,2017,46523.0,2659900.0,39.0,1199300.0,2047500.0,3426800.0
Marsh-Billings-Rockefeller NHP,2018,63886.0,3773000.0,50.0,1650000.0,2926000.0,4788000.0
Marsh-Billings-Rockefeller NHP,2019,45980.0,2735000.0,36.0,1198000.0,2125000.0,3476000.0
Marsh-Billings-Rockefeller NHP,2020,23537.0,1410000.0,19.0,619000.0,1098000.0,1794000.0
Marsh-Billings-Rockefeller NHP,2021,47997.0,3125000.0,40.0,1467000.0,2493000.0,4200000.0
Marsh-Billings-Rockefeller NHP,2022,63956.0,4223000.0,53.0,1980000.0,3364000.0,5675000.0
Marsh-Billings-Rockefeller NHP,2023,71799.0,4808000.0,60.0,2251000.0,3824000.0,6460000.0
Marsh-Billings-Rockefeller NHP,2024,81713.0,5749000.0,51.0,2498000.0,4654000.0,7317000.0
"Martin Luther King, Jr. MEM",2017,3651093.0,67599700.0,900.0,35627600.0,60510900.0,95931100.0
"Martin Luther King, Jr. MEM",2018,3567434.0,68246000.0,887.0,37087000.0,62762000.0,98258000.0
"Martin Luther King, Jr. MEM",2019,3667562.0,70683000.0,917.0,38472000.0,65105000.0,101890000.0
"Martin Luther King, Jr. MEM",2020,1083671.0,21044000.0,272.0,11471000.0,19412000.0,30369000.0
"Martin Luther King, Jr. MEM",2021,2032470.0,42691000.0,538.0,24726000.0,40919000.0,65463000.0
"Martin Luther King, Jr. MEM",2022,3321897.0,70789000.0,885.0,40929000.0,67734000.0,108507000.0
"Martin Luther King, Jr. MEM",2023,3341654.0,72233000.0,897.0,41693000.0,68999000.0,110679000.0
"Martin Luther King, Jr. MEM",2024,3251594.0,74397000.0,701.0,38050000.0,69406000.0,106556000.0
"Martin Luther King, Jr. NHP",2017,584436.0,33414300.000000004,522.0,17734900.0,29827500.0,50420000.0
"Martin Luther King, Jr. NHP",2018,641800.0,37900000.0,582.0,20184000.0,34301000.0,57535000.0
"Martin Luther King, Jr. NHP",2019,761649.0,45302000.0,694.0,24169000.0,41074000.0,68869000.0
"Martin Luther King, Jr. NHP",2020,198158.0,11873000.0,181.0,6345000.0,10783000.0,18073000.0
"Martin Luther King, Jr. NHP",2021,28034.0,1824000.0,27.0,1000000.0,1671000.0,2881000.0
"Martin Luther King, Jr. NHP",2022,242789.0,16032000.0,233.0,8771000.0,14660000.0,25307000.0
"Martin Luther King, Jr. NHP",2023,481101.0,32221000.0,466.0,17600000.0,29418000.0,50845000.0
"Martin Luther King, Jr. NHP",2024,1159438.0,81588000.0,895.0,41887000.0,75434000.0,123586000.0
Martin Van Buren NHS,2017,22023.0,1259100.0,16.0,599000.0,1019700.0,1628400.0
Martin Van Buren NHS,2018,18642.0,1101000.0,14.0,523000.0,900000.0,1424000.0
Martin Van Buren NHS,2019,20623.0,1227000.0,15.0,584000.0,1005000.0,1588000.0
Martin Van Buren NHS,2020,11480.0,688000.0,9.0,328000.0,565000.0,892000.0
Martin Van Buren NHS,2021,9823.0,639000.0,8.0,328000.0,543000.0,881000.0
Martin Van Buren NHS,2022,11702.0,553000.0,7.0,281000.0,462000.0,742000.0
Martin Van Buren NHS,2023,12438.0,597000.0,7.0,302000.0,497000.0,799000.0
Martin Van Buren NHS,2024,17712.0,870000.0,8.0,354000.0,660000.0,1063000.0
Mary McLeod Bethune Council House NHS,2017,276.0,5100.0,0.0,2700.0,4600.0,7300.0
Mary McLeod Bethune Council House NHS,2018,109.0,2000.0,0.0,1000.0,2000.0,3000.0
Mary McLeod Bethune Council House NHS,2019,3788.0,73000.0,1.0,40000.0,67000.0,105000.0
Mary McLeod Bethune Council House NHS,2020,577.0,11000.0,0.0,6000.0,10000.0,16000.0
Mary McLeod Bethune Council House NHS,2021,0.0,0.0,0.0,0.0,0.0,0.0
Mary McLeod Bethune Council House NHS,2022,1995.0,43000.0,1.0,25000.0,41000.0,65000.0
Mary McLeod Bethune Council House NHS,2023,3537.0,267000.0,3.0,166000.0,268000.0,406000.0
Mary McLeod Bethune Council House NHS,2024,3338.0,257000.0,2.0,138000.0,246000.0,367000.0
Medgar and Myrlie Evers Home NM,2021,1034.0,68000.0,1.0,30000.0,51000.0,96000.0
Medgar and Myrlie Evers Home NM,2022,11231.0,741000.0,11.0,325000.0,554000.0,1049000.0
Medgar and Myrlie Evers Home NM,2023,59542.0,3987000.0,60.0,1745000.0,2975000.0,5640000.0
Medgar and Myrlie Evers Home NM,2024,71554.0,5035000.0,57.0,2093000.0,3892000.0,6898000.0
Mesa Verde NP,2017,613789.0,62294400.0,909.0,24336900.0,42533300.0,77020300.0
Mesa Verde NP,2018,563421.0,58513000.0,828.0,22283000.0,40058000.0,72444000.0
Mesa Verde NP,2019,556204.0,58125000.0,822.0,22175000.0,39857000.0,72042000.0
Mesa Verde NP,2020,287477.0,30196000.0,425.0,11524000.0,20724000.0,37437000.0
Mesa Verde NP,2021,548477.0,62609000.0,825.0,24452000.0,43215000.0,79532000.0
Mesa Verde NP,2022,499790.0,58031000.0,762.0,22652000.0,40039000.0,73794000.0
Mesa Verde NP,2023,505194.0,59482000.0,776.0,23184000.0,40985000.0,75637000.0
Mesa Verde NP,2024,480065.0,60171000.0,572.0,22253000.0,43001000.0,73506000.0
Mill Springs Battlefield NM,2023,9150.0,612000.0,9.0,229000.0,366000.0,747000.0
Mill Springs Battlefield NM,2024,8579.0,604000.0,7.0,211000.0,375000.0,701000.0
Minidoka NHS,2017,11622.0,266400.0,2.0,87500.0,146100.0,273800.0
Minidoka NHS,2018,11566.0,448000.0,6.0,151000.0,285000.0,484000.0
Minidoka NHS,2019,13647.0,549000.0,7.0,186000.0,352000.0,596000.0
Minidoka NHS,2020,6747.0,204000.0,2.0,70000.0,124000.0,218000.0
Minidoka NHS,2021,15040.0,696000.0,9.0,257000.0,465000.0,798000.0
Minidoka NHS,2022,13717.0,675000.0,8.0,249000.0,454000.0,776000.0
Minidoka NHS,2023,18357.0,804000.0,10.0,294000.0,528000.0,918000.0
Minidoka NHS,2024,22025.0,1076000.0,9.0,352000.0,751000.0,1211000.0
Minute Man NHP,2017,1023920.0,58541100.0,810.0,31980900.0,52050000.0,83125900.0
Minute Man NHP,2018,1014802.0,59927000.0,790.0,33180000.0,54526000.0,85770000.0
Minute Man NHP,2019,1017326.0,60510000.0,796.0,33563000.0,55156000.0,86725000.0
Minute Man NHP,2020,1083972.0,64945000.0,853.0,36086000.0,59302000.0,93206000.0
Minute Man NHP,2021,983201.0,64004000.0,810.0,38667000.0,60369000.0,97696000.0
Minute Man NHP,2022,960343.0,63413000.0,796.0,38249000.0,59719000.0,96768000.0
Minute Man NHP,2023,1001333.0,67062000.0,836.0,40385000.0,63056000.0,102307000.0
Minute Man NHP,2024,879316.0,61876000.0,593.0,34894000.0,58559000.0,90776000.0
Minuteman Missile NHS,2017,143715.0,10447700.0,159.0,4075200.0,6861300.0,12996100.0
Minuteman Missile NHS,2018,139273.0,10455000.0,151.0,4369000.0,7220000.0,13306000.0
Minuteman Missile NHS,2019,125776.0,9509000.0,137.0,3980000.0,6579000.0,12118000.0
Minuteman Missile NHS,2020,98908.0,7531000.0,108.0,3158000.0,5220000.0,9611000.0
Minuteman Missile NHS,2021,140280.0,11673000.0,158.0,4725000.0,8213000.0,15148000.0
Minuteman Missile NHS,2022,105776.0,8924000.0,120.0,3608000.0,6272000.0,11581000.0
Minuteman Missile NHS,2023,115769.0,9902000.0,132.0,3999000.0,6951000.0,12851000.0
Minuteman Missile NHS,2024,118108.0,10519000.0,105.0,4000000.0,7662000.0,13189000.0
Mississippi NRRA,2017,436735.0,18649700.0,262.0,8690600.0,15139100.0,25637300.0
Mississippi NRRA,2018,417021.0,18510000.0,261.0,8996000.0,15314000.0,25952000.0
Mississippi NRRA,2019,374682.0,16744000.0,236.0,8156000.0,13884000.0,23518000.0
Mississippi NRRA,2020,204707.0,9210000.0,129.0,4496000.0,7653000.0,12959000.0
Mississippi NRRA,2021,228460.0,11250000.0,150.0,5753000.0,9348000.0,16386000.0
Mississippi NRRA,2022,303882.0,15173000.0,200.0,7749000.0,12593000.0,22101000.0
Mississippi NRRA,2023,294700.0,14921000.0,196.0,7610000.0,12368000.0,21733000.0
Mississippi NRRA,2024,256133.0,13539000.0,135.0,6425000.0,11386000.0,18913000.0
Missouri NRR,2017,119816.0,5116400.0,75.0,1897800.0,3219300.0,5945600.0
Missouri NRR,2018,128657.0,5711000.0,80.0,2238000.0,3730000.0,6740000.0
Missouri NRR,2019,129280.0,5777000.0,81.0,2269000.0,3782000.0,6830000.0
Missouri NRR,2020,111603.0,5021000.0,70.0,1977000.0,3294000.0,5946000.0
Missouri NRR,2021,140814.0,6934000.0,90.0,2809000.0,4586000.0,8448000.0
Missouri NRR,2022,133162.0,6650000.0,86.0,2690000.0,4392000.0,8103000.0
Missouri NRR,2023,116189.0,5883000.0,76.0,2377000.0,3881000.0,7171000.0
Missouri NRR,2024,153521.0,8115000.0,78.0,3186000.0,5666000.0,9712000.0
Mojave NPRES,2017,716604.0,40955100.0,547.0,19186900.0,31638600.0,51501600.0
Mojave NPRES,2018,787405.0,46482000.0,588.0,22188000.0,36650000.0,58792000.0
Mojave NPRES,2019,841515.0,50050000.0,632.0,23935000.0,39539000.0,63397000.0
Mojave NPRES,2020,608634.0,36453000.0,459.0,17462000.0,28845000.0,46228000.0
Mojave NPRES,2021,866635.0,56354000.0,664.0,27415000.0,45435000.0,73797000.0
Mojave NPRES,2022,773463.0,51030000.0,598.0,24787000.0,41082000.0,66827000.0
Mojave NPRES,2023,1178998.0,78923000.0,900.0,38226000.0,64438000.0,103836000.0
Mojave NPRES,2024,424864.0,29829000.0,270.0,13538000.0,24378000.0,38285000.0
Monocacy NB,2017,113819.0,9283600.0,122.0,4900000.0,8253900.0,13051600.0
Monocacy NB,2018,84902.0,2973000.0,42.0,1186000.0,2081000.0,3542000.0
Monocacy NB,2019,144969.0,5114000.0,72.0,2044000.0,3585000.0,6099000.0
Monocacy NB,2020,155116.0,5512000.0,78.0,2207000.0,3871000.0,6582000.0
Monocacy NB,2021,137300.0,5179000.0,66.0,2228000.0,3851000.0,6563000.0
Monocacy NB,2022,127111.0,4865000.0,61.0,2088000.0,3610000.0,6164000.0
Monocacy NB,2023,132098.0,5132000.0,64.0,2198000.0,3799000.0,6501000.0
Monocacy NB,2024,116520.0,4987000.0,46.0,1904000.0,3483000.0,5801000.0
Montezuma Castle NM,2017,398175.0,22765100.0,335.0,12124300.0,19992900.0,33294900.0
Montezuma Castle NM,2018,390151.0,23040000.0,332.0,11904000.0,20385000.0,33761000.0
Montezuma Castle NM,2019,376255.0,22379000.0,322.0,11583000.0,19836000.0,32839000.0
Montezuma Castle NM,2020,242028.0,14501000.0,208.0,7518000.0,12875000.0,21307000.0
Montezuma Castle NM,2021,418147.0,27220000.0,373.0,14596000.0,24280000.0,41585000.0
Montezuma Castle NM,2022,364014.0,24037000.0,327.0,12869000.0,21407000.0,36711000.0
Montezuma Castle NM,2023,367239.0,24596000.0,332.0,13147000.0,21871000.0,37554000.0
Montezuma Castle NM,2024,379967.0,26738000.0,272.0,13525000.0,24093000.0,38983000.0
Moores Creek NB,2017,86747.0,5457200.0,80.0,1963700.0,3531800.0,6413400.0
Moores Creek NB,2018,58531.0,3799000.0,52.0,1397000.0,2531000.0,4509000.0
Moores Creek NB,2019,77006.0,5029000.0,69.0,1853000.0,3357000.0,5975000.0
Moores Creek NB,2020,58785.0,3869000.0,53.0,1428000.0,2588000.0,4604000.0
Moores Creek NB,2021,60727.0,4359000.0,59.0,1659000.0,2952000.0,5410000.0
Moores Creek NB,2022,53681.0,3904000.0,52.0,1484000.0,2640000.0,4846000.0
Moores Creek NB,2023,55483.0,4089000.0,54.0,1552000.0,2762000.0,5075000.0
Moores Creek NB,2024,69079.0,5358000.0,55.0,1970000.0,3743000.0,6611000.0
Morristown NHP,2017,268295.0,15339400.0,186.0,8715900.0,14039000.0,21291000.0
Morristown NHP,2018,279393.0,16499000.0,199.0,9238000.0,15450000.0,23286000.0
Morristown NHP,2019,271330.0,16138000.0,194.0,9052000.0,15140000.0,22809000.0
Morristown NHP,2020,262361.0,15719000.0,189.0,8833000.0,14772000.0,22246000.0
Morristown NHP,2021,332036.0,21614000.0,244.0,13055000.0,21049000.0,32236000.0
Morristown NHP,2022,245231.0,5298000.0,47.0,2721000.0,4381000.0,6387000.0
Morristown NHP,2023,240144.0,5262000.0,46.0,2698000.0,4344000.0,6344000.0
Morristown NHP,2024,208138.0,4654000.0,31.0,2237000.0,3748000.0,5420000.0
Mount Rainier NP,2017,1415867.0,50573200.0,621.0,21716400.0,39617800.0,63485900.0
Mount Rainier NP,2018,1518491.0,54896000.0,597.0,25091000.0,44787000.0,68415000.0
Mount Rainier NP,2019,1501621.0,55866000.0,608.0,25656000.0,45985000.0,70187000.0
Mount Rainier NP,2020,1160753.0,41074000.0,445.0,18741000.0,33547000.0,51251000.0
Mount Rainier NP,2021,1670063.0,66989000.0,688.0,31951000.0,55935000.0,86927000.0
Mount Rainier NP,2022,1622395.0,67234000.0,687.0,32128000.0,56333000.0,87612000.0
Mount Rainier NP,2023,1674294.0,70722000.0,718.0,33767000.0,59221000.0,92211000.0
Mount Rainier NP,2024,1620006.0,72212000.0,522.0,30785000.0,61567000.0,90953000.0
Mount Rushmore NMEM,2017,2437800.0,139377600.0,2135.0,56111900.0,95220500.0,177263500.0
Mount Rushmore NMEM,2018,2311272.0,136487000.0,2010.0,57345000.0,96308000.0,176843000.0
Mount Rushmore NMEM,2019,1963539.0,116789000.0,1717.0,49158000.0,82558000.0,151527000.0
Mount Rushmore NMEM,2020,2074985.0,124321000.0,1825.0,52418000.0,88035000.0,161507000.0
Mount Rushmore NMEM,2021,2525868.0,164428000.0,2321.0,68419000.0,118436000.0,221584000.0
Mount Rushmore NMEM,2022,2440449.0,385563000.0,5694.0,185853000.0,311230000.0,551293000.0
Mount Rushmore NMEM,2023,2431195.0,389390000.0,5718.0,187496000.0,313979000.0,556710000.0
Mount Rushmore NMEM,2024,1850329.0,303904000.0,3081.0,128538000.0,238673000.0,402336000.0
Muir Woods NM,2017,1062100.0,60724000.0,778.0,33448000.0,52794000.0,82778600.0
Muir Woods NM,2018,957932.0,108376000.0,1073.0,63587000.0,103511000.0,147066000.0
Muir Woods NM,2019,812073.0,92590000.0,916.0,54392000.0,88543000.0,125729000.0
Muir Woods NM,2020,324232.0,37255000.0,368.0,21912000.0,35670000.0,50622000.0
Muir Woods NM,2021,657722.0,79784000.0,742.0,50953000.0,78628000.0,112097000.0
Muir Woods NM,2022,798625.0,98253000.0,910.0,62655000.0,96686000.0,138003000.0
Muir Woods NM,2023,809697.0,101029000.0,931.0,64328000.0,99268000.0,141855000.0
Muir Woods NM,2024,792494.0,111635000.0,744.0,63902000.0,105168000.0,145801000.0
Natchez NHP,2017,233339.0,13340800.0,203.0,5512000.0,9464300.0,16803200.0
Natchez NHP,2018,234785.0,13865000.0,207.0,5525000.0,9872000.0,17575000.0
Natchez NHP,2019,182123.0,10832000.0,161.0,4325000.0,7727000.0,13750000.0
Natchez NHP,2020,57646.0,3454000.0,51.0,1381000.0,2468000.0,4390000.0
Natchez NHP,2021,56264.0,3662000.0,51.0,1499000.0,2551000.0,4701000.0
Natchez NHP,2022,64691.0,4272000.0,59.0,1746000.0,2971000.0,5484000.0
Natchez NHP,2023,61179.0,4097000.0,57.0,1671000.0,2845000.0,5259000.0
Natchez NHP,2024,21520.0,1514000.0,16.0,560000.0,1059000.0,1878000.0
Natchez Trace PKWY,2017,6326063.0,151024100.0,1973.0,54252200.0,86686800.0,154243200.0
Natchez Trace PKWY,2018,6362439.0,156873000.0,1908.0,57590000.0,93398000.0,162263000.0
Natchez Trace PKWY,2019,6296041.0,156161000.0,1897.0,57511000.0,93279000.0,161906000.0
Natchez Trace PKWY,2020,6124809.0,152711000.0,1854.0,56413000.0,91516000.0,158712000.0
Natchez Trace PKWY,2021,6401346.0,178181000.0,2102.0,68900000.0,108198000.0,197720000.0
Natchez Trace PKWY,2022,6543533.0,474052000.0,5659.0,243050000.0,392405000.0,640352000.0
Natchez Trace PKWY,2023,6784853.0,498534000.0,5917.0,255240000.0,412081000.0,673377000.0
Natchez Trace PKWY,2024,7364833.0,553964000.0,4487.0,243180000.0,447061000.0,696194000.0
National Capital Parks Central,2017,1932762.0,35784900.0,481.0,18862400.0,32034900.0,50849500.0
National Capital Parks Central,2018,1800329.0,34441000.0,449.0,18721000.0,31674000.0,49658000.0
National Capital Parks Central,2019,1770794.0,34128000.0,444.0,18580000.0,31435000.0,49265000.0
National Capital Parks Central,2020,665650.0,12926000.0,168.0,7048000.0,11924000.0,18681000.0
National Capital Parks Central,2021,659317.0,13849000.0,175.0,8028000.0,13280000.0,21278000.0
National Capital Parks Central,2022,920643.0,88584000.0,1186.0,56351000.0,90394000.0,137836000.0
National Capital Parks Central,2023,1057835.0,103310000.0,1376.0,65572000.0,105186000.0,160633000.0
National Capital Parks Central,2024,1034341.0,103847000.0,971.0,57829000.0,101621000.0,151173000.0
National Capital Parks East,2017,1366141.0,25294000.0,345.0,13442700.0,22973500.0,36598200.0
National Capital Parks East,2018,1447273.0,27687000.0,371.0,15107000.0,25716000.0,40603000.0
National Capital Parks East,2019,1210641.0,23332000.0,312.0,12751000.0,21705000.0,34258000.0
National Capital Parks East,2020,893421.0,17350000.0,232.0,9495000.0,16164000.0,25502000.0
National Capital Parks East,2021,1215836.0,25538000.0,332.0,14808000.0,24552000.0,39697000.0
National Capital Parks East,2022,1267873.0,27017000.0,348.0,15639000.0,25929000.0,41979000.0
National Capital Parks East,2023,1252912.0,35843000.0,447.0,21125000.0,33715000.0,52730000.0
National Capital Parks East,2024,1271126.0,37053000.0,332.0,18965000.0,33179000.0,50993000.0
National Park of American Samoa,2017,69468.0,3971700.0,51.0,1902400.0,3243300.0,5183200.0
National Park of American Samoa,2018,28625.0,1690000.0,19.0,784000.0,1402000.0,2170000.0
National Park of American Samoa,2019,60006.0,3569000.0,40.0,1659000.0,2967000.0,4590000.0
National Park of American Samoa,2020,4819.0,289000.0,3.0,136000.0,242000.0,375000.0
National Park of American Samoa,2021,8495.0,553000.0,6.0,258000.0,463000.0,713000.0
National Park of American Samoa,2022,1887.0,125000.0,1.0,58000.0,104000.0,161000.0
National Park of American Samoa,2023,12135.0,813000.0,8.0,377000.0,678000.0,1047000.0
National Park of American Samoa,2024,22567.0,1588000.0,13.0,696000.0,1346000.0,2032000.0
Natural Bridges NM,2017,107444.0,6611800.0,87.0,2400700.0,4154100.0000000005,7358200.0
Natural Bridges NM,2018,103118.0,6537000.0,84.0,2301000.0,4093000.0,7277000.0
Natural Bridges NM,2019,88089.0,5620000.0,72.0,1982000.0,3525000.0,6263000.0
Natural Bridges NM,2020,52542.0,3398000.0,43.0,1202000.0,2139000.0,3798000.0
Natural Bridges NM,2021,73484.0,5125000.0,60.0,1996000.0,3365000.0,5910000.0
Natural Bridges NM,2022,71249.0,5028000.0,58.0,1955000.0,3296000.0,5797000.0
Natural Bridges NM,2023,83760.0,6036000.0,70.0,2346000.0,3958000.0,6973000.0
Natural Bridges NM,2024,75680.0,5527000.0,49.0,2019000.0,3723000.0,6219000.0
Navajo NM,2017,68786.0,4235500.0,54.0,1521500.0,2633400.0,4680900.0
Navajo NM,2018,61194.0,3871000.0,50.0,1327000.0,2380000.0,4258000.0
Navajo NM,2019,49983.0,3158000.0,41.0,1083000.0,1941000.0,3471000.0
Navajo NM,2020,3985.0,256000.0,3.0,88000.0,158000.0,282000.0
Navajo NM,2021,14834.0,1030000.0,12.0,400000.0,672000.0,1181000.0
Navajo NM,2022,41118.0,2899000.0,34.0,1125000.0,1889000.0,3324000.0
Navajo NM,2023,44180.0,3148000.0,37.0,1219000.0,2047000.0,3606000.0
Navajo NM,2024,58442.0,4408000.0,40.0,1639000.0,2983000.0,5008000.0
New Bedford Whaling NHP,2017,166894.0,8742000.0,128.0,5029000.0,8145500.0,12894400.0
New Bedford Whaling NHP,2018,186937.0,10132000.0,140.0,5886000.0,9680000.0,15072000.0
New Bedford Whaling NHP,2019,143428.0,7834000.0,108.0,4556000.0,7494000.0,11665000.0
New Bedford Whaling NHP,2020,18244.0,1004000.0,14.0,585000.0,962000.0,1497000.0
New Bedford Whaling NHP,2021,10487.0,617000.0,8.0,397000.0,612000.0,989000.0
New Bedford Whaling NHP,2022,13570.0,810000.0,11.0,520000.0,801000.0,1297000.0
New Bedford Whaling NHP,2023,17034.0,1032000.0,14.0,661000.0,1019000.0,1652000.0
New Bedford Whaling NHP,2024,18330.0,1193000.0,12.0,695000.0,1158000.0,1794000.0
New Orleans Jazz NHP,2017,40815.0,2333600.0,35.0,1060600.0,1813900.0,3102900.0
New Orleans Jazz NHP,2018,54483.0,3217000.0,46.0,1480000.0,2599000.0,4374000.0
New Orleans Jazz NHP,2019,41049.0,2442000.0,35.0,1125000.0,1976000.0,3323000.0
New Orleans Jazz NHP,2020,9639.0,578000.0,8.0,267000.0,468000.0,787000.0
New Orleans Jazz NHP,2021,25750.0,1676000.0,23.0,791000.0,1331000.0,2355000.0
New Orleans Jazz NHP,2022,37410.0,2470000.0,34.0,1163000.0,1958000.0,3470000.0
New Orleans Jazz NHP,2023,40357.0,2703000.0,37.0,1271000.0,2140000.0,3796000.0
New Orleans Jazz NHP,2024,44943.0,3163000.0,34.0,1356000.0,2513000.0,4282000.0
New River Gorge NP & PRES,2017,1168658.0,49875700.0,729.0,19009300.0,31640000.0,57040500.0
New River Gorge NP & PRES,2018,1232628.0,54681000.0,769.0,21085000.0,35660000.0,63545000.0
New River Gorge NP & PRES,2019,1195722.0,53403000.0,750.0,20637000.0,34903000.0,62164000.0
New River Gorge NP & PRES,2020,1054375.0,47432000.0,665.0,18371000.0,31075000.0,55318000.0
New River Gorge NP & PRES,2021,1682720.0,82629000.0,1094.0,32280000.0,53876000.0,100063000.0
New River Gorge NP & PRES,2022,1593523.0,79328000.0,1044.0,30951000.0,51655000.0,96080000.0
New River Gorge NP & PRES,2023,1707223.0,86177000.0,1127.0,33578000.0,56042000.0,104397000.0
New River Gorge NP & PRES,2024,1811937.0,95496000.0,948.0,33781000.0,62907000.0,109859000.0
Nez Perce NHP,2017,238424.0,13631500.0,203.0,5161800.0,9457200.0,16700400.000000002
Nez Perce NHP,2018,307645.0,18167000.0,244.0,7232000.0,13264000.0,22389000.0
Nez Perce NHP,2019,216068.0,12852000.0,173.0,5125000.0,9400000.0,15859000.0
Nez Perce NHP,2020,301472.0,18062000.0,242.0,7216000.0,13235000.0,22317000.0
Nez Perce NHP,2021,309165.0,20126000.0,256.0,8557000.0,15185000.0,26262000.0
Nez Perce NHP,2022,344517.0,22749000.0,288.0,9657000.0,17138000.0,29683000.0
Nez Perce NHP,2023,377392.0,25275000.0,318.0,10712000.0,19011000.0,32976000.0
Nez Perce NHP,2024,342924.0,24131000.0,215.0,8931000.0,18538000.0,29678000.0
Nicodemus NHS,2017,2917.0,159900.0,1.0,44300.0,78700.0,155000.0
Nicodemus NHS,2018,2738.0,154000.0,2.0,47000.0,79000.0,153000.0
Nicodemus NHS,2019,3540.0,200000.0,3.0,61000.0,103000.0,199000.0
Nicodemus NHS,2020,263.0,15000.0,0.0,5000.0,8000.0,15000.0
Nicodemus NHS,2021,4629.0,287000.0,3.0,83000.0,153000.0,282000.0
Nicodemus NHS,2022,5307.0,333000.0,4.0,96000.0,178000.0,328000.0
Nicodemus NHS,2023,7492.0,476000.0,6.0,138000.0,254000.0,469000.0
Nicodemus NHS,2024,7535.0,499000.0,5.0,157000.0,285000.0,523000.0
Ninety Six NHS,2017,113102.0,6466500.0,100.0,2640600.0,4662500.0,8313600.0
Ninety Six NHS,2018,95551.0,5643000.0,83.0,2434000.0,4205000.0,7347000.0
Ninety Six NHS,2019,97295.0,5787000.0,85.0,2501000.0,4320000.0,7545000.0
Ninety Six NHS,2020,95417.0,5717000.0,84.0,2475000.0,4275000.0,7463000.0
Ninety Six NHS,2021,92976.0,6052000.0,86.0,2610000.0,4530000.0,8183000.0
Ninety Six NHS,2022,108082.0,7137000.0,101.0,3073000.0,5334000.0,9649000.0
Ninety Six NHS,2023,118207.0,7917000.0,111.0,3403000.0,5907000.0,10702000.0
Ninety Six NHS,2024,101352.0,7132000.0,77.0,2832000.0,5404000.0,9360000.0
Niobrara NSR,2017,80806.0,3450600.0,50.0,885500.0,1613800.0,3299400.0
Niobrara NSR,2018,61638.0,6312000.0,102.0,1973000.0,3392000.0,7056000.0
Niobrara NSR,2019,60812.0,6271000.0,101.0,1964000.0,3377000.0,7016000.0
Niobrara NSR,2020,102767.0,10671000.0,173.0,3350000.0,5758000.0,11952000.0
Niobrara NSR,2021,90670.0,9911000.0,148.0,3238000.0,5446000.0,11637000.0
Niobrara NSR,2022,80071.0,8021000.0,111.0,2826000.0,4611000.0,9378000.0
Niobrara NSR,2023,75219.0,7635000.0,105.0,2688000.0,4386000.0,8928000.0
Niobrara NSR,2024,74387.0,7727000.0,87.0,2394000.0,4428000.0,9023000.0
Noatak NPRES,2017,17000.0,26102600.0,339.0,12082800.0,22913600.0,38050000.0
Noatak NPRES,2018,16387.0,24892000.0,307.0,11656000.0,21816000.0,35381000.0
Noatak NPRES,2019,17216.0,26323000.0,324.0,12354000.0,23126000.0,37454000.0
Noatak NPRES,2020,12533.0,19287000.0,237.0,9072000.0,16986000.0,27472000.0
Noatak NPRES,2021,12891.0,21004000.0,296.0,11505000.0,18353000.0,31433000.0
Noatak NPRES,2022,18393.0,30365000.0,426.0,16619000.0,26519000.0,45440000.0
Noatak NPRES,2023,19108.0,31961000.0,446.0,17479000.0,27899000.0,47828000.0
Noatak NPRES,2024,18311.0,35643000.0,333.0,17332000.0,31324000.0,51067000.0
North Cascades NP,2017,30326.0,1361500.0,16.0,575400.0,1005500.0,1577900.0
North Cascades NP,2018,30085.0,1375000.0,14.0,623000.0,1059000.0,1576000.0
North Cascades NP,2019,38208.0,1895000.0,19.0,864000.0,1498000.0,2230000.0
North Cascades NP,2020,30885.0,1528000.0,15.0,698000.0,1207000.0,1795000.0
North Cascades NP,2021,17855.0,953000.0,9.0,441000.0,751000.0,1134000.0
North Cascades NP,2022,30154.0,1639000.0,15.0,758000.0,1293000.0,1955000.0
North Cascades NP,2023,40351.0,2514000.0,24.0,1186000.0,2055000.0,3114000.0
North Cascades NP,2024,16485.0,950000.0,6.0,378000.0,759000.0,1096000.0
Obed W&SR,2017,214783.0,3818800.0,47.0,1343100.0,2043700.0,3662400.0
Obed W&SR,2018,217530.0,4038000.0,46.0,1481000.0,2286000.0,3957000.0
Obed W&SR,2019,221301.0,4115000.0,47.0,1511000.0,2332000.0,4034000.0
Obed W&SR,2020,237837.0,4507000.0,52.0,1672000.0,2580000.0,4456000.0
Obed W&SR,2021,247826.0,5172000.0,55.0,1856000.0,2940000.0,5384000.0
Obed W&SR,2022,306502.0,6462000.0,68.0,2314000.0,3664000.0,6723000.0
Obed W&SR,2023,278944.0,5967000.0,63.0,2135000.0,3381000.0,6214000.0
Obed W&SR,2024,261732.0,5548000.0,42.0,1875000.0,3262000.0,5554000.0
Ocmulgee Mounds NHP,2017,156907.0,8970900.0,147.0,3290000.0,5669800.0,10827500.0
Ocmulgee Mounds NHP,2018,133007.0,7855000.0,126.0,2868000.0,5031000.0,9601000.0
Ocmulgee Mounds NHP,2019,146925.0,8739000.0,140.0,3196000.0,5607000.0,10697000.0
Ocmulgee Mounds NHP,2020,61302.0,3673000.0,59.0,1346000.0,2361000.0,4501000.0
Ocmulgee Mounds NHP,2021,128820.0,8386000.0,127.0,3143000.0,5455000.0,10605000.0
Ocmulgee Mounds NHP,2022,155242.0,10252000.0,155.0,3837000.0,6659000.0,12964000.0
Ocmulgee Mounds NHP,2023,180928.0,12116000.0,181.0,4527000.0,7858000.0,15322000.0
Ocmulgee Mounds NHP,2024,141905.0,9985000.0,114.0,3446000.0,6529000.0,12107000.0
Olympic NP,2017,3401997.0,279392000.0,3556.0,128527500.0,240936300.0,384683900.0
Olympic NP,2018,3104455.0,261607000.0,2972.0,127188000.0,234553000.0,357063000.0
Olympic NP,2019,3245805.0,276115000.0,3131.0,134438000.0,248304000.0,377779000.0
Olympic NP,2020,2499178.0,213024000.0,2412.0,103933000.0,191636000.0,291362000.0
Olympic NP,2021,2718925.0,250067000.0,2711.0,128686000.0,228921000.0,351839000.0
Olympic NP,2022,2432972.0,227620000.0,2453.0,117022000.0,208138000.0,320238000.0
Olympic NP,2023,2947503.0,279236000.0,2990.0,143365000.0,255285000.0,393205000.0
Olympic NP,2024,3717267.0,380177000.0,2881.0,176052000.0,352978000.0,515816000.0
Oregon Caves NM & PRES,2017,72212.0,4906400.0,77.0,1963100.0,3189500.0,6070300.0
Oregon Caves NM & PRES,2018,67417.0,4793000.0,67.0,1988000.0,3302000.0,5849000.0
Oregon Caves NM & PRES,2019,65006.0,4192000.0,58.0,1720000.0,2839000.0,5022000.0
Oregon Caves NM & PRES,2020,22789.0,1480000.0,20.0,608000.0,1004000.0,1776000.0
Oregon Caves NM & PRES,2021,34202.0,3127000.0,43.0,1526000.0,2366000.0,4213000.0
Oregon Caves NM & PRES,2022,72923.0,6763000.0,93.0,3296000.0,5111000.0,9112000.0
Oregon Caves NM & PRES,2023,32041.0,3011000.0,41.0,1465000.0,2272000.0,4055000.0
Oregon Caves NM & PRES,2024,94016.0,9521000.0,98.0,4093000.0,7138000.0,12364000.0
Organ Pipe Cactus NM,2017,260534.0,15862500.0,225.0,8180000.0,13684400.0,22987800.0
Organ Pipe Cactus NM,2018,260376.0,16191000.0,226.0,8101000.0,14054000.0,23448000.0
Organ Pipe Cactus NM,2019,263186.0,16502000.0,230.0,8275000.0,14358000.0,23942000.0
Organ Pipe Cactus NM,2020,191512.0,11881000.0,166.0,5953000.0,10315000.0,17198000.0
Organ Pipe Cactus NM,2021,190848.0,12924000.0,171.0,6704000.0,11283000.0,19313000.0
Organ Pipe Cactus NM,2022,133317.0,8630000.0,112.0,4434000.0,7430000.0,12712000.0
Organ Pipe Cactus NM,2023,186601.0,12635000.0,164.0,6513000.0,10940000.0,18754000.0
Organ Pipe Cactus NM,2024,182612.0,23354000.0,215.0,11143000.0,19760000.0,32618000.0
Ozark NSR,2017,1165295.0,49336200.0,739.0,16615200.0,27414900.0,52817300.0
Ozark NSR,2018,1264658.0,55438000.0,840.0,17909000.0,30118000.0,60029000.0
Ozark NSR,2019,1221488.0,54000000.0,819.0,17468000.0,29395000.0,58601000.0
Ozark NSR,2020,1316795.0,58457000.0,888.0,18926000.0,31824000.0,63434000.0
Ozark NSR,2021,1328773.0,64433000.0,886.0,22092000.0,36659000.0,73856000.0
Ozark NSR,2022,1291305.0,63776000.0,873.0,21853000.0,36313000.0,73310000.0
Ozark NSR,2023,1334137.0,66777000.0,908.0,22850000.0,37965000.0,76762000.0
Ozark NSR,2024,1343779.0,70273000.0,724.0,23044000.0,42003000.0,78451000.0
Padre Island NS,2017,650197.0,27405500.0,376.0,9935000.0,17141600.0,30684000.0
Padre Island NS,2018,616033.0,26989000.0,367.0,10151000.0,17124000.0,30953000.0
Padre Island NS,2019,576298.0,25392000.0,345.0,9573000.0,16141000.0,29155000.0
Padre Island NS,2020,617704.0,27503000.0,373.0,10388000.0,17547000.0,31697000.0
Padre Island NS,2021,615826.0,29911000.0,410.0,11906000.0,18645000.0,36177000.0
Padre Island NS,2022,531624.0,26152000.0,356.0,10395000.0,16276000.0,31620000.0
Padre Island NS,2023,552687.0,27631000.0,374.0,10975000.0,17191000.0,33459000.0
Padre Island NS,2024,514722.0,47540000.0,484.0,18157000.0,33979000.0,58623000.0
Palo Alto Battlefield NHP,2017,84361.0,4823200.0,75.0,1824400.0,3236600.0,5965200.0
Palo Alto Battlefield NHP,2018,82487.0,4871000.0,74.0,1949000.0,3313000.0,6148000.0
Palo Alto Battlefield NHP,2019,149732.0,8906000.0,136.0,3569000.0,6068000.0,11256000.0
Palo Alto Battlefield NHP,2020,97861.0,5863000.0,89.0,2354000.0,4002000.0,7420000.0
Palo Alto Battlefield NHP,2021,128852.0,8388000.0,128.0,3645000.0,5678000.0,11099000.0
Palo Alto Battlefield NHP,2022,196252.0,12959000.0,196.0,5623000.0,8759000.0,17145000.0
Palo Alto Battlefield NHP,2023,160450.0,10746000.0,162.0,4655000.0,7252000.0,14216000.0
Palo Alto Battlefield NHP,2024,178946.0,12592000.0,145.0,4566000.0,8512000.0,15908000.0
Paterson Great Falls NHP,2017,308200.0,17620900.0,212.0,9469100.0,15135900.0,22868100.0
Paterson Great Falls NHP,2018,143605.0,8480000.0,99.0,4694000.0,7459000.0,11241000.0
Paterson Great Falls NHP,2019,276985.0,16475000.0,192.0,9136000.0,14517000.0,21867000.0
Paterson Great Falls NHP,2020,339768.0,20357000.0,236.0,11309000.0,17969000.0,27055000.0
Paterson Great Falls NHP,2021,312595.0,20349000.0,249.0,11978000.0,18043000.0,29111000.0
Paterson Great Falls NHP,2022,248293.0,16396000.0,200.0,9636000.0,14515000.0,23451000.0
Paterson Great Falls NHP,2023,279788.0,18738000.0,227.0,10995000.0,16562000.0,26795000.0
Paterson Great Falls NHP,2024,210741.0,14829000.0,138.0,7362000.0,12298000.0,19450000.0
Pea Ridge NMP,2017,121163.0,6927400.0,111.0,2913200.0,4903200.0,8942000.0
Pea Ridge NMP,2018,101969.0,6022000.0,96.0,2475000.0,4230000.0,7808000.0
Pea Ridge NMP,2019,102752.0,6112000.0,97.0,2516000.0,4301000.0,7935000.0
Pea Ridge NMP,2020,80455.0,4820000.0,76.0,1988000.0,3399000.0,6267000.0
Pea Ridge NMP,2021,82854.0,5394000.0,81.0,2368000.0,3921000.0,7466000.0
Pea Ridge NMP,2022,81992.0,5414000.0,81.0,2373000.0,3929000.0,7493000.0
Pea Ridge NMP,2023,171562.0,11490000.0,170.0,5029000.0,8326000.0,15901000.0
Pea Ridge NMP,2024,102621.0,7222000.0,80.0,3110000.0,5541000.0,9808000.0
Pearl Harbor NMEM,2017,1947495.0,111345200.0,1392.0,53332200.0,90923300.0,145309300.0
Pearl Harbor NMEM,2018,1779142.0,312110000.0,3475.0,154837000.0,301842000.0,457646000.0
Pearl Harbor NMEM,2019,1716535.0,303430000.0,3373.0,150756000.0,293894000.0,445341000.0
Pearl Harbor NMEM,2020,415542.0,74024000.0,823.0,37132000.0,72368000.0,109604000.0
Pearl Harbor NMEM,2021,1185369.0,222786000.0,2417.0,112626000.0,218762000.0,329180000.0
Pearl Harbor NMEM,2022,1545582.0,294598000.0,3177.0,148703000.0,288867000.0,435118000.0
Pearl Harbor NMEM,2023,1692719.0,327204000.0,3507.0,164913000.0,320381000.0,483092000.0
Pearl Harbor NMEM,2024,1588798.0,348648000.0,2897.0,165606000.0,338468000.0,501652000.0
Pecos NHP,2017,40651.0,2324200.0,36.0,994900.0,1686900.0,3031500.0
Pecos NHP,2018,39130.0,2311000.0,35.0,1002000.0,1703000.0,3031000.0
Pecos NHP,2019,43833.0,2607000.0,39.0,1133000.0,1925000.0,3425000.0
Pecos NHP,2020,36695.0,2199000.0,33.0,957000.0,1626000.0,2892000.0
Pecos NHP,2021,58944.0,3837000.0,53.0,1665000.0,2812000.0,5127000.0
Pecos NHP,2022,49683.0,3281000.0,45.0,1421000.0,2401000.0,4383000.0
Pecos NHP,2023,50709.0,3396000.0,47.0,1469000.0,2481000.0,4537000.0
Pecos NHP,2024,46726.0,3287000.0,34.0,1383000.0,2501000.0,4275000.0
Pennsylvania Avenue NHS,2017,108716.0,2012900.0,26.0,1060900.0,1801800.0,2856500.0
Pennsylvania Avenue NHS,2018,119616.0,2288000.0,30.0,1243000.0,2104000.0,3294000.0
Pennsylvania Avenue NHS,2019,125035.0,2410000.0,31.0,1312000.0,2220000.0,3474000.0
Pennsylvania Avenue NHS,2020,15897.0,309000.0,4.0,168000.0,285000.0,445000.0
Pennsylvania Avenue NHS,2021,0.0,0.0,0.0,0.0,0.0,0.0
Pennsylvania Avenue NHS,2022,56928.0,1213000.0,15.0,701000.0,1161000.0,1859000.0
Pennsylvania Avenue NHS,2023,138108.0,2985000.0,37.0,1723000.0,2852000.0,4575000.0
Pennsylvania Avenue NHS,2024,141840.0,3245000.0,31.0,1660000.0,3028000.0,4648000.0
Perry's Victory & Intl. Peace MEM,2017,84769.0,7395300.0,129.0,4021200.0,6904700.0,11687500.0
Perry's Victory & Intl. Peace MEM,2018,150558.0,13623000.0,226.0,7621000.0,12979000.0,21659000.0
Perry's Victory & Intl. Peace MEM,2019,121326.0,11067000.0,183.0,6197000.0,10553000.0,17608000.0
Perry's Victory & Intl. Peace MEM,2020,40470.0,3722000.0,62.0,2086000.0,3552000.0,5925000.0
Perry's Victory & Intl. Peace MEM,2021,68010.0,6650000.0,108.0,4178000.0,6482000.0,11242000.0
Perry's Victory & Intl. Peace MEM,2022,90988.0,9034000.0,145.0,5660000.0,8783000.0,15256000.0
Perry's Victory & Intl. Peace MEM,2023,101837.0,10264000.0,164.0,6414000.0,9953000.0,17318000.0
Perry's Victory & Intl. Peace MEM,2024,91302.0,10011000.0,120.0,5537000.0,9604000.0,15854000.0
Petersburg NB,2017,208472.0,11919100.0,188.0,5327300.0,9190100.0,16315900.0
Petersburg NB,2018,204322.0,12066000.0,184.0,5453000.0,9506000.0,16664000.0
Petersburg NB,2019,235691.0,14019000.0,213.0,6347000.0,11065000.0,19388000.0
Petersburg NB,2020,152878.0,9160000.0,139.0,4154000.0,7242000.0,12684000.0
Petersburg NB,2021,201606.0,13124000.0,192.0,6312000.0,10625000.0,19244000.0
Petersburg NB,2022,180907.0,11946000.0,174.0,5736000.0,9655000.0,17512000.0
Petersburg NB,2023,182695.0,12236000.0,177.0,5866000.0,9874000.0,17933000.0
Petersburg NB,2024,191623.0,13484000.0,148.0,5812000.0,10851000.0,18511000.0
Petrified Forest NP,2017,627756.0,39510100.0,525.0,13830800.0,24164700.0,43524800.0
Petrified Forest NP,2018,644921.0,41835000.0,542.0,13858000.0,25392000.0,46072000.0
Petrified Forest NP,2019,643588.0,42045000.0,545.0,13954000.0,25568000.0,46362000.0
Petrified Forest NP,2020,384484.0,25308000.0,328.0,8416000.0,15422000.0,27947000.0
Petrified Forest NP,2021,590334.0,42363000.0,503.0,16190000.0,27289000.0,48480000.0
Petrified Forest NP,2022,505209.0,36752000.0,434.0,14026000.0,23644000.0,42065000.0
Petrified Forest NP,2023,520491.0,38396000.0,451.0,14635000.0,24671000.0,43956000.0
Petrified Forest NP,2024,559254.0,43357000.0,396.0,15975000.0,28992000.0,48958000.0
Petroglyph NM,2017,141802.0,8107400.0,127.0,3416800.0,5825200.0,10577600.0
Petroglyph NM,2018,268613.0,15862000.0,242.0,6794000.0,11587000.0,20826000.0
Petroglyph NM,2019,293956.0,17484000.0,266.0,7502000.0,12795000.0,22986000.0
Petroglyph NM,2020,356493.0,21359000.0,324.0,9180000.0,15658000.0,28117000.0
Petroglyph NM,2021,364211.0,23709000.0,330.0,10223000.0,17313000.0,31768000.0
Petroglyph NM,2022,339394.0,15043000.0,208.0,6581000.0,10934000.0,19945000.0
Petroglyph NM,2023,314528.0,14141000.0,195.0,6176000.0,10261000.0,18746000.0
Petroglyph NM,2024,354534.0,33243000.0,344.0,14782000.0,27482000.0,47285000.0
Pictured Rocks NL,2017,781190.0,33114900.0,425.0,10187800.0,18528400.0,32882400.0
Pictured Rocks NL,2018,815308.0,35941000.0,451.0,11040000.0,20353000.0,36087000.0
Pictured Rocks NL,2019,858714.0,38107000.0,477.0,11731000.0,21626000.0,38321000.0
Pictured Rocks NL,2020,1212251.0,54244000.0,679.0,16734000.0,30877000.0,54681000.0
Pictured Rocks NL,2021,1313179.0,64240000.0,773.0,21096000.0,36786000.0,68305000.0
Pictured Rocks NL,2022,925685.0,45873000.0,549.0,15044000.0,26223000.0,48775000.0
Pictured Rocks NL,2023,910939.0,45770000.0,544.0,14991000.0,26130000.0,48685000.0
Pictured Rocks NL,2024,953052.0,50015000.0,428.0,15754000.0,30319000.0,51492000.0
Pinnacles NP,2017,233334.0,13340600.0,171.0,6514000.0,10259500.0,16391300.0
Pinnacles NP,2018,222152.0,13119000.0,153.0,6600000.0,10456000.0,16135000.0
Pinnacles NP,2019,177224.0,10541000.0,123.0,5313000.0,8417000.0,12982000.0
Pinnacles NP,2020,165741.0,10336000.0,114.0,5044000.0,8068000.0,12412000.0
Pinnacles NP,2021,348857.0,24259000.0,252.0,12439000.0,19214000.0,29895000.0
Pinnacles NP,2022,275023.0,18922000.0,162.0,9962000.0,15116000.0,21802000.0
Pinnacles NP,2023,341220.0,23860000.0,204.0,12552000.0,19056000.0,27541000.0
Pinnacles NP,2024,354076.0,25256000.0,159.0,11425000.0,19313000.0,27783000.0
Pipe Spring NM,2017,29064.0,1661700.0,25.0,633700.0,1062700.0,1932900.0
Pipe Spring NM,2018,25180.0,1487000.0,22.0,551000.0,960000.0,1744000.0
Pipe Spring NM,2019,27482.0,1635000.0,24.0,607000.0,1057000.0,1919000.0
Pipe Spring NM,2020,10623.0,637000.0,9.0,237000.0,412000.0,748000.0
Pipe Spring NM,2021,24026.0,1564000.0,21.0,630000.0,1058000.0,1982000.0
Pipe Spring NM,2022,23001.0,1519000.0,21.0,611000.0,1025000.0,1924000.0
Pipe Spring NM,2023,24016.0,1608000.0,22.0,646000.0,1084000.0,2038000.0
Pipe Spring NM,2024,24530.0,1726000.0,17.0,657000.0,1213000.0,2101000.0
Pipestone NM,2017,76486.0,4373000.0,68.0,1809100.0,3113600.0,5686500.0
Pipestone NM,2018,73268.0,4327000.0,64.0,1885000.0,3144000.0,5627000.0
Pipestone NM,2019,77507.0,4610000.0,68.0,2012000.0,3356000.0,6005000.0
Pipestone NM,2020,38230.0,2291000.0,34.0,1001000.0,1670000.0,2987000.0
Pipestone NM,2021,82344.0,5360000.0,75.0,2375000.0,3897000.0,7152000.0
Pipestone NM,2022,78036.0,5153000.0,72.0,2279000.0,3741000.0,6876000.0
Pipestone NM,2023,83189.0,5571000.0,77.0,2460000.0,4038000.0,7433000.0
Pipestone NM,2024,83033.0,5844000.0,60.0,2603000.0,4520000.0,7697000.0
Piscataway Park,2017,154011.0,8805400.0,115.0,4565000.0,7583800.0,11961600.0
Piscataway Park,2018,146364.0,8643000.0,111.0,4601000.0,7665000.0,11941000.0
Piscataway Park,2019,329730.0,19612000.0,251.0,10459000.0,17425000.0,27132000.0
Piscataway Park,2020,166484.0,9975000.0,127.0,5329000.0,8878000.0,13818000.0
Piscataway Park,2021,279538.0,18197000.0,222.0,10241000.0,16758000.0,26680000.0
Piscataway Park,2022,243212.0,16060000.0,195.0,9024000.0,14767000.0,23541000.0
Piscataway Park,2023,282507.0,18921000.0,228.0,10614000.0,17370000.0,27727000.0
Piscataway Park,2024,334260.0,23522000.0,216.0,11604000.0,21069000.0,32458000.0
Point Reyes NS,2017,2456669.0,105948900.0,1244.0,54191800.0,85051700.0,132388900.0
Point Reyes NS,2018,2397721.0,107435000.0,1145.0,56692000.0,89197000.0,134063000.0
Point Reyes NS,2019,2265301.0,102147000.0,1088.0,54013000.0,84991000.0,127681000.0
Point Reyes NS,2020,2252424.0,101434000.0,1077.0,53665000.0,84413000.0,126746000.0
Point Reyes NS,2021,2738098.0,134852000.0,1298.0,73923000.0,113075000.0,172003000.0
Point Reyes NS,2022,2336202.0,116888000.0,1119.0,64019000.0,97924000.0,149158000.0
Point Reyes NS,2023,2268058.0,115183000.0,1096.0,63017000.0,96396000.0,147043000.0
Point Reyes NS,2024,2371800.0,184161000.0,1456.0,98359000.0,164609000.0,247492000.0
Port Chicago Naval Magazine NMEM,2017,1086.0,62100.0,0.0,34500.0,54600.0,86300.0
Port Chicago Naval Magazine NMEM,2018,652.0,39000.0,0.0,22000.0,35000.0,53000.0
Port Chicago Naval Magazine NMEM,2019,831.0,49000.0,1.0,28000.0,45000.0,69000.0
Port Chicago Naval Magazine NMEM,2020,70.0,4000.0,0.0,3000.0,4000.0,6000.0
Port Chicago Naval Magazine NMEM,2021,568.0,37000.0,0.0,22000.0,34000.0,52000.0
Port Chicago Naval Magazine NMEM,2022,1129.0,75000.0,1.0,44000.0,68000.0,105000.0
Port Chicago Naval Magazine NMEM,2023,764.0,51000.0,1.0,30000.0,47000.0,72000.0
Port Chicago Naval Magazine NMEM,2024,930.0,65000.0,1.0,35000.0,60000.0,89000.0
President W.J. Clinton Birthplace Home NHS,2017,10177.0,581800.0,8.0,217800.0,389700.0,702300.0
President W.J. Clinton Birthplace Home NHS,2018,10845.0,641000.0,9.0,229000.0,430000.0,770000.0
President W.J. Clinton Birthplace Home NHS,2019,8758.0,521000.0,8.0,186000.0,350000.0,627000.0
President W.J. Clinton Birthplace Home NHS,2020,4055.0,243000.0,4.0,87000.0,164000.0,293000.0
President W.J. Clinton Birthplace Home NHS,2021,7279.0,474000.0,7.0,178000.0,313000.0,589000.0
President W.J. Clinton Birthplace Home NHS,2022,6078.0,402000.0,6.0,150000.0,265000.0,499000.0
President W.J. Clinton Birthplace Home NHS,2023,5024.0,337000.0,5.0,126000.0,222000.0,419000.0
President W.J. Clinton Birthplace Home NHS,2024,6215.0,437000.0,5.0,153000.0,297000.0,544000.0
President's Park,2017,1477913.0,27363400.0,364.0,14421600.0,24494000.0,38831600.0
President's Park,2018,1035737.0,19814000.0,257.0,10768000.0,18222000.0,28528000.0
President's Park,2019,715911.0,13797000.0,179.0,7510000.0,12708000.0,19889000.0
President's Park,2020,369533.0,7176000.0,93.0,3912000.0,6619000.0,10356000.0
President's Park,2021,395915.0,8316000.0,105.0,4817000.0,7971000.0,12752000.0
President's Park,2022,714224.0,15220000.0,190.0,8800000.0,14563000.0,23329000.0
President's Park,2023,897181.0,19393000.0,241.0,11194000.0,18525000.0,29716000.0
President's Park,2024,915636.0,20949000.0,198.0,10714000.0,19544000.0,30005000.0
Prince William Forest Park,2017,360539.0,20382900.0,251.0,10171000.0,16974000.0,26740400.0
Prince William Forest Park,2018,313628.0,17890000.0,219.0,9199000.0,15295000.0,23808000.0
Prince William Forest Park,2019,339693.0,19923000.0,244.0,10294000.0,17157000.0,26695000.0
Prince William Forest Park,2020,333902.0,21084000.0,258.0,11002000.0,18476000.0,28742000.0
Prince William Forest Park,2021,325248.0,22083000.0,260.0,12122000.0,19912000.0,31570000.0
Prince William Forest Park,2022,294916.0,19149000.0,222.0,10403000.0,17010000.0,26976000.0
Prince William Forest Park,2023,295630.0,8919000.0,101.0,4571000.0,7198000.0,11202000.0
Prince William Forest Park,2024,355196.0,11011000.0,87.0,4692000.0,8274000.0,12774000.0
Pu'uhonua o Honaunau NHP,2017,505736.0,28914700.0,361.0,13849600.0,23611400.0,37734700.0
Pu'uhonua o Honaunau NHP,2018,462975.0,27340000.0,307.0,12679000.0,22679000.0,35101000.0
Pu'uhonua o Honaunau NHP,2019,414410.0,24649000.0,276.0,11454000.0,20488000.0,31697000.0
Pu'uhonua o Honaunau NHP,2020,130845.0,7839000.0,88.0,3679000.0,6581000.0,10177000.0
Pu'uhonua o Honaunau NHP,2021,250919.0,16334000.0,169.0,7609000.0,13665000.0,21055000.0
Pu'uhonua o Honaunau NHP,2022,311441.0,20565000.0,211.0,9564000.0,17178000.0,26507000.0
Pu'uhonua o Honaunau NHP,2023,341502.0,22871000.0,233.0,10620000.0,19074000.0,29478000.0
Pu'uhonua o Honaunau NHP,2024,454268.0,31966000.0,264.0,14012000.0,27102000.0,40910000.0
Pu'ukohola Heiau NHS,2017,147260.0,8419400.0,105.0,4032700.0,6875200.0,10987600.0
Pu'ukohola Heiau NHS,2018,145585.0,8597000.0,96.0,3987000.0,7131000.0,11037000.0
Pu'ukohola Heiau NHS,2019,133572.0,7945000.0,89.0,3692000.0,6604000.0,10216000.0
Pu'ukohola Heiau NHS,2020,23969.0,1436000.0,16.0,674000.0,1206000.0,1864000.0
Pu'ukohola Heiau NHS,2021,24326.0,1584000.0,16.0,738000.0,1325000.0,2042000.0
Pu'ukohola Heiau NHS,2022,31602.0,2087000.0,21.0,971000.0,1743000.0,2690000.0
Pu'ukohola Heiau NHS,2023,23197.0,1554000.0,16.0,721000.0,1296000.0,2003000.0
Pu'ukohola Heiau NHS,2024,27507.0,1936000.0,16.0,849000.0,1641000.0,2477000.0
Pullman NHP,2023,29218.0,1957000.0,24.0,1213000.0,1899000.0,3011000.0
Pullman NHP,2024,31961.0,2249000.0,20.0,1170000.0,2115000.0,3206000.0
Rainbow Bridge NM,2017,108418.0,6198700.0,88.0,2277900.0,3903500.0,6962200.0
Rainbow Bridge NM,2018,110905.0,6549000.0,89.0,2318000.0,4101000.0,7337000.0
Rainbow Bridge NM,2019,115107.0,6847000.0,93.0,2428000.0,4295000.0,7680000.0
Rainbow Bridge NM,2020,3572.0,214000.0,3.0,76000.0,135000.0,240000.0
Rainbow Bridge NM,2021,3290.0,214000.0,3.0,87000.0,143000.0,252000.0
Rainbow Bridge NM,2022,81.0,5000.0,0.0,2000.0,3000.0,6000.0
Rainbow Bridge NM,2023,165.0,10000.0,0.0,4000.0,7000.0,12000.0
Rainbow Bridge NM,2024,17488.0,1231000.0,12.0,468000.0,845000.0,1423000.0
Reconstruction Era NHP,2022,18262.0,1206000.0,15.0,470000.0,838000.0,1424000.0
Reconstruction Era NHP,2023,23792.0,1594000.0,19.0,619000.0,1105000.0,1882000.0
Reconstruction Era NHP,2024,23378.0,1644000.0,15.0,606000.0,1171000.0,1908000.0
Redwood NP,2017,445000.0,27810700.0,433.0,10955900.0,17680200.0,33521900.0
Redwood NP,2018,482535.0,31071000.0,423.0,12668000.0,20886000.0,36783000.0
Redwood NP,2019,504722.0,32827000.0,446.0,13411000.0,22121000.0,38940000.0
Redwood NP,2020,265177.0,17311000.0,235.0,7085000.0,11681000.0,20548000.0
Redwood NP,2021,435879.0,30901000.0,406.0,14376000.0,22180000.0,39555000.0
Redwood NP,2022,458400.0,32830000.0,428.0,15247000.0,23520000.0,41991000.0
Redwood NP,2023,409105.0,29648000.0,384.0,13748000.0,21206000.0,37905000.0
Redwood NP,2024,622883.0,47787000.0,465.0,20075000.0,34752000.0,58737000.0
Richmond NBP,2017,224015.0,12807800.0,200.0,5669300.0,9797800.0,17330600.0
Richmond NBP,2018,199345.0,11772000.0,177.0,5250000.0,9164000.0,16035000.0
Richmond NBP,2019,197242.0,11732000.0,176.0,5241000.0,9149000.0,16002000.0
Richmond NBP,2020,179599.0,10761000.0,161.0,4816000.0,8406000.0,14697000.0
Richmond NBP,2021,152308.0,9914000.0,143.0,4665000.0,7879000.0,14255000.0
Richmond NBP,2022,173124.0,11432000.0,164.0,5371000.0,9071000.0,16434000.0
Richmond NBP,2023,169145.0,11329000.0,162.0,5314000.0,8975000.0,16282000.0
Richmond NBP,2024,156538.0,11015000.0,119.0,4647000.0,8720000.0,14859000.0
Rio Grande W&SR,2017,399.0,447500.0,9.0,154200.0,305800.0,604800.0
Rio Grande W&SR,2018,330.0,230000.0,4.0,72000.0,136000.0,269000.0
Rio Grande W&SR,2019,324.0,168000.0,3.0,53000.0,99000.0,196000.0
Rio Grande W&SR,2020,126.0,109000.0,2.0,34000.0,64000.0,127000.0
Rio Grande W&SR,2021,275.0,234000.0,4.0,96000.0,142000.0,292000.0
Rio Grande W&SR,2022,263.0,242000.0,4.0,99000.0,147000.0,302000.0
Rio Grande W&SR,2023,300.0,224000.0,4.0,91000.0,136000.0,280000.0
Rio Grande W&SR,2024,172.0,134000.0,2.0,43000.0,86000.0,156000.0
River Raisin NBP,2017,238813.0,13653800.0,200.0,6427100.0,11287200.0,18919700.0
River Raisin NBP,2018,240548.0,14205000.0,201.0,7005000.0,12129000.0,19997000.0
River Raisin NBP,2019,226354.0,13463000.0,190.0,6651000.0,11516000.0,18980000.0
River Raisin NBP,2020,309977.0,18572000.0,262.0,9191000.0,15914000.0,26216000.0
River Raisin NBP,2021,263472.0,17151000.0,233.0,9109000.0,14795000.0,25370000.0
River Raisin NBP,2022,241998.0,15979000.0,216.0,8473000.0,13762000.0,23630000.0
River Raisin NBP,2023,252796.0,16930000.0,227.0,8963000.0,14558000.0,25030000.0
River Raisin NBP,2024,240556.0,16927000.0,177.0,8210000.0,14659000.0,24254000.0
Rock Creek Park,2017,2483788.0,45987100.0,615.0,24266500.0,41203000.0,65458400.0
Rock Creek Park,2018,2395342.0,45823000.0,599.0,24926000.0,42166000.0,66166000.0
Rock Creek Park,2019,2416232.0,46567000.0,608.0,25370000.0,42917000.0,67320000.0
Rock Creek Park,2020,1768153.0,34336000.0,447.0,18734000.0,31692000.0,49694000.0
Rock Creek Park,2021,1838346.0,38614000.0,490.0,22407000.0,37061000.0,59439000.0
Rock Creek Park,2022,2026156.0,43176000.0,544.0,25012000.0,41369000.0,66437000.0
Rock Creek Park,2023,1817868.0,39295000.0,492.0,22724000.0,37586000.0,60441000.0
Rock Creek Park,2024,1917170.0,43866000.0,416.0,22457000.0,40947000.0,62980000.0
Rocky Mountain NP,2017,4437215.0,286151800.0,4207.0,155166900.0,261229800.0,432847000.0
Rocky Mountain NP,2018,4590493.0,305593000.0,4363.0,163899000.0,282015000.0,463860000.0
Rocky Mountain NP,2019,4670053.0,313577000.0,4467.0,168502000.0,289999000.0,476771000.0
Rocky Mountain NP,2020,3305200.0,224393000.0,3190.0,120843000.0,208088000.0,341950000.0
Rocky Mountain NP,2021,4434848.0,323329000.0,4421.0,183477000.0,302571000.0,512723000.0
Rocky Mountain NP,2022,4300424.0,583794000.0,8082.0,351160000.0,566000000.0,911894000.0
Rocky Mountain NP,2023,4115837.0,568527000.0,7833.0,341870000.0,551120000.0,888656000.0
Rocky Mountain NP,2024,4154349.0,587882000.0,5421.0,303569000.0,541630000.0,861831000.0
Roger Williams NMEM,2017,80970.0,4629400.0,62.0,2483600.0,4085400.0,6444400.0
Roger Williams NMEM,2018,60709.0,3585000.0,46.0,1954000.0,3226000.0,5032000.0
Roger Williams NMEM,2019,59419.0,3534000.0,45.0,1930000.0,3186000.0,4968000.0
Roger Williams NMEM,2020,13970.0,837000.0,11.0,458000.0,756000.0,1178000.0
Roger Williams NMEM,2021,20719.0,1349000.0,17.0,800000.0,1259000.0,2026000.0
Roger Williams NMEM,2022,33838.0,2235000.0,28.0,1323000.0,2082000.0,3355000.0
Roger Williams NMEM,2023,37707.0,2526000.0,31.0,1493000.0,2350000.0,3790000.0
Roger Williams NMEM,2024,43242.0,3043000.0,28.0,1656000.0,2806000.0,4339000.0
Rosie The Riveter WWII Home Front NHP,2017,60928.0,3483500.0,47.0,1929100.0,3047700.0,4803700.0
Rosie The Riveter WWII Home Front NHP,2018,57852.0,3416000.0,40.0,1951000.0,3092000.0,4693000.0
Rosie The Riveter WWII Home Front NHP,2019,50405.0,2998000.0,35.0,1715000.0,2718000.0,4124000.0
Rosie The Riveter WWII Home Front NHP,2020,9528.0,571000.0,7.0,327000.0,518000.0,786000.0
Rosie The Riveter WWII Home Front NHP,2021,19038.0,1239000.0,13.0,736000.0,1132000.0,1738000.0
Rosie The Riveter WWII Home Front NHP,2022,37359.0,2467000.0,26.0,1463000.0,2250000.0,3459000.0
Rosie The Riveter WWII Home Front NHP,2023,39883.0,2671000.0,28.0,1581000.0,2431000.0,3743000.0
Rosie The Riveter WWII Home Front NHP,2024,34913.0,2457000.0,20.0,1328000.0,2237000.0,3326000.0
Ross Lake NRA,2017,759655.0,32987600.0,380.0,14073900.0,25197500.0,39486600.0
Ross Lake NRA,2018,892043.0,40114000.0,404.0,17979000.0,31751000.0,47586000.0
Ross Lake NRA,2019,1088528.0,49252000.0,495.0,22101000.0,39107000.0,58587000.0
Ross Lake NRA,2020,920525.0,41436000.0,415.0,18611000.0,32845000.0,49180000.0
Ross Lake NRA,2021,855926.0,42693000.0,398.0,19935000.0,34326000.0,52227000.0
Ross Lake NRA,2022,998019.0,50572000.0,469.0,23594000.0,40625000.0,61901000.0
Ross Lake NRA,2023,881837.0,45519000.0,419.0,21229000.0,36578000.0,55812000.0
Ross Lake NRA,2024,971173.0,52924000.0,346.0,20944000.0,42761000.0,61534000.0
Russell Cave NM,2017,24377.0,1393700.0,21.0,555900.0,931400.0,1719600.0
Russell Cave NM,2018,21620.0,1277000.0,19.0,517000.0,875000.0,1590000.0
Russell Cave NM,2019,16642.0,990000.0,15.0,401000.0,680000.0,1234000.0
Russell Cave NM,2020,8463.0,507000.0,8.0,206000.0,349000.0,633000.0
Russell Cave NM,2021,22393.0,1458000.0,21.0,617000.0,1008000.0,1881000.0
Russell Cave NM,2022,16988.0,1122000.0,16.0,474000.0,774000.0,1447000.0
Russell Cave NM,2023,8678.0,581000.0,8.0,245000.0,401000.0,750000.0
Russell Cave NM,2024,9261.0,652000.0,7.0,256000.0,471000.0,823000.0
Sagamore Hill NHS,2017,55186.0,3155200.0,37.0,1763700.0,2858900.0,4255300.0
Sagamore Hill NHS,2018,39969.0,2360000.0,27.0,1289000.0,2185000.0,3238000.0
Sagamore Hill NHS,2019,36737.0,2185000.0,25.0,1195000.0,2027000.0,3002000.0
Sagamore Hill NHS,2020,105289.0,6308000.0,72.0,3456000.0,5862000.0,8679000.0
Sagamore Hill NHS,2021,207032.0,13477000.0,143.0,7980000.0,12994000.0,19486000.0
Sagamore Hill NHS,2022,91735.0,6057000.0,64.0,3581000.0,5831000.0,8756000.0
Sagamore Hill NHS,2023,131333.0,8796000.0,92.0,5192000.0,8454000.0,12712000.0
Sagamore Hill NHS,2024,130259.0,9166000.0,76.0,5083000.0,8846000.0,12930000.0
Saguaro NP,2017,964759.0,60716800.0,866.0,31346000.0,52701700.0,88682500.0
Saguaro NP,2018,957405.0,62099000.0,866.0,31267000.0,54459000.0,90857000.0
Saguaro NP,2019,1020225.0,66652000.0,928.0,33624000.0,58566000.0,97662000.0
Saguaro NP,2020,762226.0,50105000.0,696.0,25321000.0,44102000.0,73510000.0
Saguaro NP,2021,1079786.0,77419000.0,1034.0,40396000.0,68323000.0,117279000.0
Saguaro NP,2022,908194.0,66012000.0,876.0,34400000.0,58183000.0,99981000.0
Saguaro NP,2023,1010906.0,74523000.0,982.0,38786000.0,65606000.0,112857000.0
Saguaro NP,2024,946369.0,73327000.0,736.0,37026000.0,66612000.0,108195000.0
Saint Croix Island IHS,2017,11872.0,678700.0,9.0,264100.0,450700.0,820000.0
Saint Croix Island IHS,2018,12000.0,709000.0,10.0,281000.0,493000.0,861000.0
Saint Croix Island IHS,2019,11613.0,691000.0,10.0,275000.0,482000.0,840000.0
Saint Croix Island IHS,2020,6914.0,414000.0,6.0,165000.0,289000.0,504000.0
Saint Croix Island IHS,2021,10299.0,670000.0,9.0,293000.0,486000.0,873000.0
Saint Croix Island IHS,2022,12139.0,801000.0,11.0,349000.0,580000.0,1043000.0
Saint Croix Island IHS,2023,12432.0,833000.0,11.0,362000.0,602000.0,1084000.0
Saint Croix Island IHS,2024,13508.0,950000.0,9.0,399000.0,742000.0,1226000.0
Saint Croix NSR,2017,772476.0,32574100.0,461.0,15107700.0,26084900.0,44180900.0
Saint Croix NSR,2018,724643.0,31744000.0,447.0,15272000.0,25846000.0,43779000.0
Saint Croix NSR,2019,638257.0,28167000.0,396.0,13584000.0,22993000.0,38930000.0
Saint Croix NSR,2020,798622.0,35470000.0,498.0,17142000.0,29014000.0,49102000.0
Saint Croix NSR,2021,732100.0,35609000.0,474.0,18064000.0,29281000.0,51437000.0
Saint Croix NSR,2022,833773.0,41088000.0,544.0,20813000.0,33734000.0,59329000.0
Saint Croix NSR,2023,806257.0,40259000.0,529.0,20363000.0,33001000.0,58110000.0
Saint Croix NSR,2024,900828.0,46999000.0,467.0,21981000.0,38879000.0,64709000.0
Saint Paul's Church NHS,2017,21190.0,1211600.0,13.0,680600.0,1101900.0,1642400.0
Saint Paul's Church NHS,2018,21631.0,1277000.0,15.0,699000.0,1186000.0,1757000.0
Saint Paul's Church NHS,2019,18537.0,1103000.0,13.0,605000.0,1025000.0,1519000.0
Saint Paul's Church NHS,2020,5968.0,358000.0,4.0,196000.0,333000.0,493000.0
Saint Paul's Church NHS,2021,5022.0,327000.0,3.0,194000.0,316000.0,475000.0
Saint Paul's Church NHS,2022,8790.0,581000.0,6.0,344000.0,560000.0,843000.0
Saint Paul's Church NHS,2023,11615.0,778000.0,8.0,460000.0,750000.0,1130000.0
Saint Paul's Church NHS,2024,12135.0,853000.0,7.0,475000.0,825000.0,1208000.0
Saint-Gaudens NHP,2017,37556.0,1819000.0,27.0,971500.0,1644200.0,2692900.0
Saint-Gaudens NHP,2018,35218.0,1764000.0,25.0,938000.0,1615000.0,2590000.0
Saint-Gaudens NHP,2019,31759.0,1604000.0,23.0,853000.0,1469000.0,2357000.0
Saint-Gaudens NHP,2020,13286.0,676000.0,9.0,360000.0,620000.0,995000.0
Saint-Gaudens NHP,2021,26058.0,1421000.0,19.0,872000.0,1369000.0,2219000.0
Saint-Gaudens NHP,2022,25513.0,1412000.0,19.0,864000.0,1357000.0,2204000.0
Saint-Gaudens NHP,2023,30537.0,1716000.0,23.0,1048000.0,1645000.0,2676000.0
Saint-Gaudens NHP,2024,26685.0,1632000.0,16.0,886000.0,1522000.0,2335000.0
Salem Maritime NHP,2017,373631.0,21361800.0,292.0,11749500.0,19014800.0,30133900.0
Salem Maritime NHP,2018,300475.0,17744000.0,232.0,9930000.0,16277000.0,25439000.0
Salem Maritime NHP,2019,339238.0,20178000.0,263.0,11313000.0,18544000.0,28969000.0
Salem Maritime NHP,2020,125554.0,7522000.0,98.0,4225000.0,6925000.0,10814000.0
Salem Maritime NHP,2021,181008.0,11783000.0,147.0,7189000.0,11178000.0,17968000.0
Salem Maritime NHP,2022,392836.0,25940000.0,322.0,15801000.0,24569000.0,39545000.0
Salem Maritime NHP,2023,544747.0,36483000.0,449.0,22187000.0,34500000.0,55602000.0
Salem Maritime NHP,2024,488831.0,34398000.0,327.0,19650000.0,32810000.0,50578000.0
Salinas Pueblo Missions NM,2017,35148.0,2009500.0,32.0,849800.0,1442700.0,2606500.0
Salinas Pueblo Missions NM,2018,34630.0,2045000.0,31.0,874000.0,1488000.0,2663000.0
Salinas Pueblo Missions NM,2019,31672.0,1884000.0,29.0,806000.0,1374000.0,2457000.0
Salinas Pueblo Missions NM,2020,26983.0,1617000.0,24.0,693000.0,1181000.0,2111000.0
Salinas Pueblo Missions NM,2021,38080.0,2478000.0,35.0,1056000.0,1788000.0,3276000.0
Salinas Pueblo Missions NM,2022,37190.0,2456000.0,34.0,1045000.0,1770000.0,3246000.0
Salinas Pueblo Missions NM,2023,39556.0,2649000.0,37.0,1125000.0,1906000.0,3501000.0
Salinas Pueblo Missions NM,2024,38106.0,2682000.0,28.0,1108000.0,2013000.0,3456000.0
Salt River Bay NHP & EPRES,2017,10568.0,604200.0,7.0,289400.0,493400.0,788500.0
Salt River Bay NHP & EPRES,2018,4884.0,288000.0,3.0,134000.0,239000.0,370000.0
Salt River Bay NHP & EPRES,2019,5215.0,310000.0,3.0,144000.0,258000.0,399000.0
Salt River Bay NHP & EPRES,2020,2705.0,162000.0,2.0,76000.0,136000.0,210000.0
Salt River Bay NHP & EPRES,2021,10707.0,696000.0,7.0,324000.0,583000.0,898000.0
Salt River Bay NHP & EPRES,2022,12155.0,803000.0,8.0,373000.0,671000.0,1035000.0
Salt River Bay NHP & EPRES,2023,13731.0,920000.0,9.0,427000.0,767000.0,1185000.0
Salt River Bay NHP & EPRES,2024,13185.0,928000.0,8.0,407000.0,787000.0,1188000.0
San Antonio Missions NHP,2017,1381383.0,78978600.0,1168.0,36644800.0,62756400.0,107964800.0
San Antonio Missions NHP,2018,1208104.0,87957000.0,1295.0,44091000.0,77617000.0,130985000.0
San Antonio Missions NHP,2019,1281121.0,93973000.0,1380.0,47176000.0,83048000.0,140078000.0
San Antonio Missions NHP,2020,1141353.0,84344000.0,1237.0,42405000.0,74650000.0,125848000.0
San Antonio Missions NHP,2021,1335071.0,104415000.0,1644.0,56570000.0,90896000.0,164962000.0
San Antonio Missions NHP,2022,1238920.0,98296000.0,1538.0,53164000.0,85422000.0,155220000.0
San Antonio Missions NHP,2023,1180929.0,95046000.0,1477.0,51316000.0,82454000.0,150011000.0
San Antonio Missions NHP,2024,1278777.0,114683000.0,1285.0,53944000.0,99244000.0,171164000.0
San Francisco Maritime NHP,2017,4493519.0,108496600.0,1209.0,49826800.0,78306300.0,123968400.0
San Francisco Maritime NHP,2018,4223542.0,106000000.0,1066.0,50791000.0,79735000.0,121445000.0
San Francisco Maritime NHP,2019,4016598.0,101436000.0,1019.0,48737000.0,76511000.0,116464000.0
San Francisco Maritime NHP,2020,1936101.0,49204000.0,494.0,23705000.0,37213000.0,56610000.0
San Francisco Maritime NHP,2021,2827885.0,79722000.0,742.0,39868000.0,60729000.0,94554000.0
San Francisco Maritime NHP,2022,3034750.0,86772000.0,803.0,43339000.0,66017000.0,102967000.0
San Francisco Maritime NHP,2023,1769467.0,51308000.0,472.0,25588000.0,38979000.0,60901000.0
San Francisco Maritime NHP,2024,2535134.0,75269000.0,541.0,34034000.0,57329000.0,86426000.0
San Juan Island NHP,2017,267209.0,15277300.0,191.0,6897500.0,12505200.0,19715300.0
San Juan Island NHP,2018,255032.0,15060000.0,165.0,7141000.0,12827000.0,19321000.0
San Juan Island NHP,2019,292507.0,17398000.0,190.0,8264000.0,14845000.0,22350000.0
San Juan Island NHP,2020,426336.0,25544000.0,279.0,12154000.0,21833000.0,32855000.0
San Juan Island NHP,2021,638066.0,41537000.0,423.0,20662000.0,35888000.0,54795000.0
San Juan Island NHP,2022,700325.0,46243000.0,468.0,22966000.0,39892000.0,60999000.0
San Juan Island NHP,2023,457989.0,30672000.0,309.0,15208000.0,26418000.0,40456000.0
San Juan Island NHP,2024,405925.0,28564000.0,208.0,12466000.0,24934000.0,36161000.0
San Juan NHS,2017,1188780.0,67966800.0,850.0,32554800.0,55500900.0,88699000.0
San Juan NHS,2018,910405.0,53762000.0,603.0,24933000.0,44596000.0,69023000.0
San Juan NHS,2019,1197345.0,71217000.0,798.0,33094000.0,59196000.0,91580000.0
San Juan NHS,2020,357100.0,21395000.0,240.0,10041000.0,17961000.0,27775000.0
San Juan NHS,2021,798188.0,51961000.0,537.0,24205000.0,43470000.0,66978000.0
San Juan NHS,2022,1027264.0,67832000.0,697.0,31547000.0,56659000.0,87432000.0
San Juan NHS,2023,1314819.0,150754000.0,1752.0,80637000.0,152029000.0,226888000.0
San Juan NHS,2024,1329728.0,155834000.0,1358.0,77616000.0,154559000.0,229126000.0
Sand Creek Massacre NHS,2017,6536.0,373700.0,7.0,93300.0,175700.0,375300.0
Sand Creek Massacre NHS,2018,6006.0,355000.0,6.0,90000.0,173000.0,359000.0
Sand Creek Massacre NHS,2019,5700.0,339000.0,5.0,86000.0,165000.0,344000.0
Sand Creek Massacre NHS,2020,4215.0,253000.0,4.0,64000.0,123000.0,256000.0
Sand Creek Massacre NHS,2021,6201.0,404000.0,5.0,118000.0,220000.0,430000.0
Sand Creek Massacre NHS,2022,4772.0,315000.0,4.0,92000.0,172000.0,335000.0
Sand Creek Massacre NHS,2023,5855.0,392000.0,5.0,115000.0,213000.0,417000.0
Sand Creek Massacre NHS,2024,6401.0,450000.0,5.0,127000.0,265000.0,490000.0
Santa Monica Mountains NRA,2017,897593.0,38328600.0,512.0,19717500.0,31654500.0,51884500.0
Santa Monica Mountains NRA,2018,867153.0,38488000.0,476.0,20160000.0,32748000.0,52229000.0
Santa Monica Mountains NRA,2019,707566.0,31619000.0,391.0,16598000.0,26962000.0,42982000.0
Santa Monica Mountains NRA,2020,733576.0,33004000.0,407.0,17363000.0,28205000.0,44943000.0
Santa Monica Mountains NRA,2021,830451.0,40894000.0,479.0,22841000.0,35937000.0,58278000.0
Santa Monica Mountains NRA,2022,795217.0,39708000.0,462.0,22152000.0,34853000.0,56592000.0
Santa Monica Mountains NRA,2023,759352.0,38448000.0,444.0,21420000.0,33702000.0,54794000.0
Santa Monica Mountains NRA,2024,639745.0,33816000.0,305.0,16851000.0,29222000.0,46106000.0
Saratoga NHP,2017,97781.0,5590500.0,80.0,2407700.0,4119700.0,7043400.0
Saratoga NHP,2018,135445.0,7998000.0,105.0,3299000.0,5956000.0,9849000.0
Saratoga NHP,2019,145118.0,8632000.0,113.0,3566000.0,6439000.0,10643000.0
Saratoga NHP,2020,73825.0,4423000.0,58.0,1831000.0,3305000.0,5461000.0
Saratoga NHP,2021,70682.0,4601000.0,58.0,2079000.0,3549000.0,6035000.0
Saratoga NHP,2022,70742.0,4671000.0,59.0,2108000.0,3597000.0,6126000.0
Saratoga NHP,2023,101943.0,6827000.0,85.0,3076000.0,5250000.0,8954000.0
Saratoga NHP,2024,116537.0,8200000.0,78.0,3464000.0,6423000.0,10383000.0
Saugus Iron Works NHS,2017,12255.0,700700.0,9.0,385100.0,624500.0,990100.0
Saugus Iron Works NHS,2018,10661.0,629000.0,8.0,352000.0,578000.0,903000.0
Saugus Iron Works NHS,2019,8151.0,485000.0,6.0,272000.0,446000.0,697000.0
Saugus Iron Works NHS,2020,16928.0,1014000.0,13.0,569000.0,934000.0,1459000.0
Saugus Iron Works NHS,2021,20487.0,1334000.0,17.0,813000.0,1266000.0,2037000.0
Saugus Iron Works NHS,2022,27478.0,1814000.0,23.0,1103000.0,1718000.0,2768000.0
Saugus Iron Works NHS,2023,41314.0,2767000.0,34.0,1679000.0,2616000.0,4221000.0
Saugus Iron Works NHS,2024,51921.0,3654000.0,35.0,2085000.0,3489000.0,5378000.0
Scotts Bluff NM,2017,152561.0,8722400.0,129.0,3157500.0,5439000.0,9915300.0
Scotts Bluff NM,2018,142028.0,8387000.0,118.0,3092000.0,5378000.0,9627000.0
Scotts Bluff NM,2019,166007.0,9874000.0,139.0,3647000.0,6343000.0,11348000.0
Scotts Bluff NM,2020,181900.0,10898000.0,154.0,4032000.0,7013000.0,12541000.0
Scotts Bluff NM,2021,194027.0,12631000.0,169.0,4843000.0,8090000.0,15033000.0
Scotts Bluff NM,2022,174651.0,11533000.0,153.0,4415000.0,7376000.0,13728000.0
Scotts Bluff NM,2023,174267.0,11671000.0,154.0,4461000.0,7452000.0,13893000.0
Scotts Bluff NM,2024,183915.0,12942000.0,132.0,4211000.0,8223000.0,14769000.0
Sequoia NP,2017,1291256.0,95882400.0,1315.0,39489500.0,64887700.0,113622000.0
Sequoia NP,2018,1229594.0,94431000.0,1186.0,39587000.0,65779000.0,110349000.0
Sequoia NP,2019,1246053.0,96035000.0,1204.0,40317000.0,67044000.0,112410000.0
Sequoia NP,2020,796085.0,60870000.0,760.0,25531000.0,42592000.0,71424000.0
Sequoia NP,2021,1059548.0,88040000.0,1059.0,39761000.0,64093000.0,107376000.0
Sequoia NP,2022,1153198.0,96798000.0,1157.0,43636000.0,70315000.0,117862000.0
Sequoia NP,2023,980567.0,84351000.0,1006.0,38097000.0,61470000.0,103254000.0
Sequoia NP,2024,1309573.0,119767000.0,1106.0,48047000.0,84303000.0,140243000.0
Shenandoah NP,2017,1458874.0,95825500.0,1204.0,47204100.0,79270200.0,126030000.0
Shenandoah NP,2018,1264880.0,86905000.0,1077.0,44522000.0,74222000.0,116074000.0
Shenandoah NP,2019,1425507.0,96711000.0,1194.0,49470000.0,82427000.0,128845000.0
Shenandoah NP,2020,1666265.0,107396000.0,1314.0,54482000.0,90608000.0,141577000.0
Shenandoah NP,2021,1592312.0,112718000.0,1349.0,60105000.0,98200000.0,157384000.0
Shenandoah NP,2022,1449300.0,104152000.0,1239.0,55478000.0,90656000.0,145464000.0
Shenandoah NP,2023,1576008.0,114436000.0,1351.0,60838000.0,99409000.0,159697000.0
Shenandoah NP,2024,1720211.0,132363000.0,1184.0,61895000.0,112779000.0,175083000.0
Shiloh NMP,2017,435107.0,24876600.0,375.0,9583400.0,15319900.0,28455600.0
Shiloh NMP,2018,376100.0,22210000.0,341.0,7749000.0,13312000.0,25647000.0
Shiloh NMP,2019,360989.0,21471000.0,329.0,7505000.0,12892000.0,24827000.0
Shiloh NMP,2020,386883.0,23180000.0,355.0,8116000.0,13943000.0,26835000.0
Shiloh NMP,2021,371863.0,24207000.0,341.0,8871000.0,14986000.0,28904000.0
Shiloh NMP,2022,387205.0,25567000.0,358.0,9355000.0,15804000.0,30531000.0
Shiloh NMP,2023,371735.0,24896000.0,347.0,9094000.0,15364000.0,29732000.0
Shiloh NMP,2024,386152.0,27173000.0,284.0,9694000.0,17946000.0,32172000.0
Sitka NHP,2017,194880.0,33641300.0,662.0,17757300.0,27422200.0,49607500.0
Sitka NHP,2018,197017.0,35366000.0,608.0,19311000.0,29435000.0,50865000.0
Sitka NHP,2019,232876.0,42143000.0,723.0,23031000.0,35105000.0,60660000.0
Sitka NHP,2020,115494.0,21072000.0,361.0,11525000.0,17568000.0,30354000.0
Sitka NHP,2021,96793.0,18436000.0,321.0,11527000.0,15586000.0,28159000.0
Sitka NHP,2022,134451.0,26014000.0,450.0,16214000.0,21923000.0,39698000.0
Sitka NHP,2023,182115.0,35798000.0,616.0,22241000.0,30073000.0,54578000.0
Sitka NHP,2024,309327.0,67537000.0,868.0,36198000.0,56340000.0,95460000.0
Sleeping Bear Dunes NL,2017,1678126.0,177245600.0,2516.0,64775600.0,121220300.0,212284800.0
Sleeping Bear Dunes NL,2018,1643599.0,180424000.0,2467.0,66087000.0,125353000.0,217080000.0
Sleeping Bear Dunes NL,2019,1570001.0,173259000.0,2366.0,63556000.0,120471000.0,208552000.0
Sleeping Bear Dunes NL,2020,1718696.0,192691000.0,2625.0,70739000.0,134399000.0,232599000.0
Sleeping Bear Dunes NL,2021,1722955.0,205983000.0,2729.0,82364000.0,147422000.0,265608000.0
Sleeping Bear Dunes NL,2022,1501117.0,181614000.0,2392.0,72500000.0,129711000.0,234042000.0
Sleeping Bear Dunes NL,2023,1598248.0,196675000.0,2575.0,78402000.0,140352000.0,253591000.0
Sleeping Bear Dunes NL,2024,1670025.0,220283000.0,2098.0,83236000.0,164474000.0,271567000.0
Springfield Armory NHS,2017,25109.0,1435600.0,18.0,733400.0,1226200.0,1933300.0
Springfield Armory NHS,2018,20105.0,1187000.0,15.0,620000.0,1025000.0,1610000.0
Springfield Armory NHS,2019,20980.0,1248000.0,16.0,652000.0,1079000.0,1695000.0
Springfield Armory NHS,2020,1032.0,62000.0,1.0,32000.0,54000.0,84000.0
Springfield Armory NHS,2021,13557.0,883000.0,11.0,501000.0,793000.0,1279000.0
Springfield Armory NHS,2022,14486.0,957000.0,12.0,542000.0,858000.0,1386000.0
Springfield Armory NHS,2023,15711.0,1052000.0,13.0,595000.0,942000.0,1524000.0
Springfield Armory NHS,2024,15925.0,1121000.0,10.0,562000.0,977000.0,1517000.0
Statue of Liberty NM,2017,4441987.0,253964100.0,3011.0,143274300.0,231800000.0,347454800.0
Statue of Liberty NM,2018,4335431.0,256020000.0,2989.0,141368000.0,238659000.0,355718000.0
Statue of Liberty NM,2019,4240461.0,252219000.0,2940.0,139520000.0,235541000.0,350922000.0
Statue of Liberty NM,2020,576395.0,34534000.0,402.0,19136000.0,32307000.0,48112000.0
Statue of Liberty NM,2021,1556482.0,101324000.0,1107.0,60473000.0,98279000.0,148685000.0
Statue of Liberty NM,2022,3141213.0,207420000.0,2251.0,123600000.0,200874000.0,304308000.0
Statue of Liberty NM,2023,3739607.0,250450000.0,2699.0,149004000.0,242165000.0,367354000.0
Statue of Liberty NM,2024,3722029.0,261914000.0,2216.0,145859000.0,252800000.0,372383000.0
Ste. Genevieve NHP,2024,23893.0,1681000.0,18.0,536000.0,991000.0,1852000.0
Steamtown NHS,2017,103956.0,5500900.0,81.0,2734500.0,4448200.0,7459000.0
Steamtown NHS,2018,97949.0,5364000.0,78.0,2669000.0,4361000.0,7312000.0
Steamtown NHS,2019,105402.0,5815000.0,85.0,2898000.0,4735000.0,7937000.0
Steamtown NHS,2020,27320.0,1518000.0,22.0,758000.0,1238000.0,2075000.0
Steamtown NHS,2021,54433.0,3277000.0,47.0,1744000.0,2699000.0,4735000.0
Steamtown NHS,2022,71232.0,4351000.0,62.0,2312000.0,3577000.0,6285000.0
Steamtown NHS,2023,58403.0,3619000.0,51.0,1920000.0,2970000.0,5226000.0
Steamtown NHS,2024,60243.0,3921000.0,43.0,1845000.0,3159000.0,5268000.0
Stones River NB,2017,230563.0,13182100.0,203.0,6539000.0,10789200.0,18400100.0
Stones River NB,2018,266502.0,15738000.0,212.0,8009000.0,13200000.0,21565000.0
Stones River NB,2019,284516.0,16923000.0,227.0,8627000.0,14220000.0,23220000.0
Stones River NB,2020,301270.0,18050000.0,242.0,9218000.0,15194000.0,24800000.0
Stones River NB,2021,365833.0,23815000.0,313.0,12745000.0,20518000.0,34597000.0
Stones River NB,2022,417791.0,27587000.0,360.0,14740000.0,23731000.0,40068000.0
Stones River NB,2023,339364.0,12827000.0,151.0,7130000.0,11663000.0,18847000.0
Stones River NB,2024,446160.0,17186000.0,141.0,8387000.0,15318000.0,23759000.0
Stonewall NM,2017,106791.0,6105600.0,73.0,3442300.0,5575600.0,8369700.000000001
Stonewall NM,2018,511220.0,30189000.0,354.0,16662000.0,28151000.0,42006000.0
Stonewall NM,2019,2088930.0,124248000.0,1453.0,68699000.0,116070000.0,173122000.0
Stonewall NM,2020,0.0,0.0,0.0,0.0,0.0,0.0
Stonewall NM,2021,70000.0,4557000.0,50.0,2720000.0,4423000.0,6698000.0
Stonewall NM,2022,1581961.0,104460000.0,1137.0,62260000.0,101242000.0,153520000.0
Stonewall NM,2023,832650.0,55765000.0,603.0,33184000.0,53962000.0,81936000.0
Stonewall NM,2024,2302641.0,162034000.0,1376.0,90184000.0,156521000.0,230810000.0
Sunset Crater Volcano NM,2017,119455.0,6829700.0,95.0,2516700.0,4259500.0,7526300.0
Sunset Crater Volcano NM,2018,104583.0,6176000.0,87.0,2169000.0,3864000.0,6923000.0
Sunset Crater Volcano NM,2019,108380.0,6446000.0,90.0,2268000.0,4041000.0,7236000.0
Sunset Crater Volcano NM,2020,83669.0,5013000.0,70.0,1767000.0,3148000.0,5634000.0
Sunset Crater Volcano NM,2021,125653.0,8179000.0,102.0,3360000.0,5488000.0,9663000.0
Sunset Crater Volcano NM,2022,54787.0,3618000.0,45.0,1484000.0,2424000.0,4274000.0
Sunset Crater Volcano NM,2023,81519.0,5460000.0,67.0,2236000.0,3652000.0,6451000.0
Sunset Crater Volcano NM,2024,73260.0,5155000.0,49.0,1976000.0,3548000.0,5938000.0
Tallgrass Prairie NPRES,2017,30772.0,1759300.0,26.0,705600.0,1204000.0,2218700.0
Tallgrass Prairie NPRES,2018,27715.0,1637000.0,25.0,688000.0,1155000.0,2097000.0
Tallgrass Prairie NPRES,2019,33751.0,2008000.0,31.0,846000.0,1419000.0,2576000.0
Tallgrass Prairie NPRES,2020,29009.0,1738000.0,26.0,734000.0,1231000.0,2233000.0
Tallgrass Prairie NPRES,2021,35001.0,2278000.0,32.0,948000.0,1616000.0,2974000.0
Tallgrass Prairie NPRES,2022,24795.0,1638000.0,23.0,680000.0,1159000.0,2137000.0
Tallgrass Prairie NPRES,2023,28776.0,1926000.0,27.0,799000.0,1362000.0,2514000.0
Tallgrass Prairie NPRES,2024,29955.0,2109000.0,24.0,871000.0,1561000.0,2791000.0
Thaddeus Kosciuszko NMEM,2017,2293.0,131100.0,1.0,73000.0,118700.0,191200.0
Thaddeus Kosciuszko NMEM,2018,2077.0,123000.0,2.0,70000.0,113000.0,182000.0
Thaddeus Kosciuszko NMEM,2019,1920.0,114000.0,2.0,65000.0,105000.0,170000.0
Thaddeus Kosciuszko NMEM,2020,0.0,0.0,0.0,0.0,0.0,0.0
Thaddeus Kosciuszko NMEM,2021,0.0,0.0,0.0,0.0,0.0,0.0
Thaddeus Kosciuszko NMEM,2022,1680.0,111000.0,2.0,68000.0,106000.0,176000.0
Thaddeus Kosciuszko NMEM,2023,2218.0,148000.0,2.0,91000.0,141000.0,235000.0
Thaddeus Kosciuszko NMEM,2024,2336.0,164000.0,2.0,89000.0,151000.0,243000.0
Theodore Roosevelt Birthplace NHS,2017,24884.0,1422700.0,18.0,802100.0,1299200.0,1950300.0
Theodore Roosevelt Birthplace NHS,2018,23155.0,1367000.0,16.0,755000.0,1275000.0,1903000.0
Theodore Roosevelt Birthplace NHS,2019,25977.0,1545000.0,18.0,854000.0,1443000.0,2153000.0
Theodore Roosevelt Birthplace NHS,2020,4984.0,299000.0,3.0,165000.0,280000.0,417000.0
Theodore Roosevelt Birthplace NHS,2021,1720.0,113000.0,1.0,68000.0,110000.0,166000.0
Theodore Roosevelt Birthplace NHS,2022,7948.0,525000.0,6.0,313000.0,509000.0,772000.0
Theodore Roosevelt Birthplace NHS,2023,19892.0,1332000.0,14.0,793000.0,1289000.0,1957000.0
Theodore Roosevelt Birthplace NHS,2024,25086.0,1765000.0,15.0,982000.0,1705000.0,2514000.0
Theodore Roosevelt Inaugural NHS,2017,28585.0,1634300.0,23.0,753400.0,1290900.0,2186900.0
Theodore Roosevelt Inaugural NHS,2018,27507.0,1624000.0,22.0,673000.0,1269000.0,2089000.0
Theodore Roosevelt Inaugural NHS,2019,26994.0,1606000.0,22.0,666000.0,1256000.0,2068000.0
Theodore Roosevelt Inaugural NHS,2020,5098.0,305000.0,4.0,127000.0,239000.0,394000.0
Theodore Roosevelt Inaugural NHS,2021,13323.0,867000.0,11.0,400000.0,700000.0,1174000.0
Theodore Roosevelt Inaugural NHS,2022,19728.0,1303000.0,16.0,599000.0,1051000.0,1765000.0
Theodore Roosevelt Inaugural NHS,2023,23159.0,1551000.0,19.0,713000.0,1249000.0,2101000.0
Theodore Roosevelt Inaugural NHS,2024,30141.0,2121000.0,20.0,937000.0,1757000.0,2806000.0
Theodore Roosevelt Island,2017,168195.0,9616400.0,128.0,4998200.0,8308700.000000001,13185600.0
Theodore Roosevelt Island,2018,151500.0,8946000.0,117.0,4776000.0,7948000.0,12455000.0
Theodore Roosevelt Island,2019,151500.0,9011000.0,117.0,4819000.0,8020000.0,12562000.0
Theodore Roosevelt Island,2020,153599.0,9203000.0,119.0,4930000.0,8205000.0,12846000.0
Theodore Roosevelt Island,2021,169444.0,11030000.0,137.0,6245000.0,10205000.0,16340000.0
Theodore Roosevelt Island,2022,171500.0,11324000.0,139.0,6402000.0,10460000.0,16771000.0
Theodore Roosevelt Island,2023,153053.0,10250000.0,125.0,5785000.0,9453000.0,15176000.0
Theodore Roosevelt Island,2024,174954.0,12311000.0,115.0,6111000.0,11071000.0,17134000.0
Theodore Roosevelt NP,2017,708003.0,43856600.0,552.0,16655400.000000002,27445300.0,47214600.0
Theodore Roosevelt NP,2018,749389.0,47862000.0,611.0,18174000.0,30622000.0,54011000.0
Theodore Roosevelt NP,2019,691658.0,44336000.0,565.0,16871000.0,28406000.0,50057000.0
Theodore Roosevelt NP,2020,551304.0,36222000.0,462.0,13799000.0,23317000.0,41119000.0
Theodore Roosevelt NP,2021,796085.0,56160000.0,675.0,20141000.0,34221000.0,62153000.0
Theodore Roosevelt NP,2022,668679.0,47721000.0,570.0,17091000.0,29032000.0,52799000.0
Theodore Roosevelt NP,2023,746862.0,54223000.0,645.0,19396000.0,32967000.0,60054000.0
Theodore Roosevelt NP,2024,732951.0,55795000.0,558.0,19040000.0,34640000.0,62557000.0
Thomas Edison NHP,2017,59323.0,3391700.0,42.0,1914400.0,3083300.0,4639000.0
Thomas Edison NHP,2018,47298.0,2793000.0,33.0,1549000.0,2598000.0,3886000.0
Thomas Edison NHP,2019,42224.0,2511000.0,30.0,1395000.0,2340000.0,3499000.0
Thomas Edison NHP,2020,7605.0,456000.0,5.0,254000.0,425000.0,636000.0
Thomas Edison NHP,2021,14807.0,964000.0,11.0,578000.0,932000.0,1415000.0
Thomas Edison NHP,2022,33095.0,777000.0,7.0,425000.0,680000.0,996000.0
Thomas Edison NHP,2023,33483.0,798000.0,7.0,435000.0,696000.0,1022000.0
Thomas Edison NHP,2024,34031.0,828000.0,6.0,426000.0,706000.0,1030000.0
Thomas Jefferson MEM,2017,3366572.0,62331800.0,831.0,32851199.999999996,55795400.0,88455400.0
Thomas Jefferson MEM,2018,3198859.0,61195000.0,795.0,33255000.0,56277000.0,88107000.0
Thomas Jefferson MEM,2019,3096896.0,59685000.0,774.0,32485000.0,54974000.0,86036000.0
Thomas Jefferson MEM,2020,852626.0,16557000.0,214.0,9025000.0,15273000.0,23894000.0
Thomas Jefferson MEM,2021,1833924.0,38521000.0,485.0,22310000.0,36921000.0,59068000.0
Thomas Jefferson MEM,2022,2975148.0,100374000.0,1337.0,63997000.0,102922000.0,156569000.0
Thomas Jefferson MEM,2023,2984919.0,102207000.0,1354.0,65024000.0,104573000.0,159315000.0
Thomas Jefferson MEM,2024,2915319.0,102675000.0,956.0,57283000.0,100957000.0,149821000.0
Thomas Stone NHS,2017,10251.0,586100.0,7.0,304400.0,504900.0,794400.0
Thomas Stone NHS,2018,8255.0,488000.0,6.0,260000.0,432000.0,672000.0
Thomas Stone NHS,2019,8020.0,477000.0,6.0,255000.0,424000.0,658000.0
Thomas Stone NHS,2020,2351.0,141000.0,2.0,75000.0,125000.0,195000.0
Thomas Stone NHS,2021,3967.0,258000.0,3.0,145000.0,237000.0,377000.0
Thomas Stone NHS,2022,4821.0,318000.0,4.0,179000.0,292000.0,464000.0
Thomas Stone NHS,2023,5757.0,386000.0,5.0,216000.0,353000.0,563000.0
Thomas Stone NHS,2024,4538.0,319000.0,3.0,157000.0,285000.0,439000.0
Timpanogos Cave NM,2017,100739.0,5759600.0,92.0,2867200.0,4783300.0,8442200.0
Timpanogos Cave NM,2018,121311.0,7164000.0,112.0,3589000.0,6045000.0,10624000.0
Timpanogos Cave NM,2019,103513.0,6157000.0,96.0,3090000.0,5204000.0,9143000.0
Timpanogos Cave NM,2020,92481.0,5541000.0,86.0,2786000.0,4692000.0,8240000.0
Timpanogos Cave NM,2021,122551.0,7978000.0,113.0,3973000.0,6725000.0,12077000.0
Timpanogos Cave NM,2022,155995.0,10301000.0,145.0,5122000.0,8670000.0,15589000.0
Timpanogos Cave NM,2023,120656.0,8081000.0,113.0,4012000.0,6791000.0,12226000.0
Timpanogos Cave NM,2024,114034.0,8024000.0,86.0,3790000.0,7035000.0,11847000.0
Timucuan EHP,2017,1218306.0,69654900.0,1075.0,32482500.0,55725900.0,96315000.0
Timucuan EHP,2018,1134856.0,67016000.0,1016.0,31468000.0,54294000.0,93894000.0
Timucuan EHP,2019,1205064.0,71676000.0,1085.0,33717000.0,58175000.0,100561000.0
Timucuan EHP,2020,1017372.0,60955000.0,920.0,28723000.0,49559000.0,85633000.0
Timucuan EHP,2021,935419.0,60894000.0,880.0,29431000.0,50001000.0,88680000.0
Timucuan EHP,2022,1102223.0,72782000.0,1045.0,35120000.0,59669000.0,105969000.0
Timucuan EHP,2023,959461.0,64257000.0,916.0,30957000.0,52598000.0,93536000.0
Timucuan EHP,2024,997136.0,70167000.0,753.0,32064000.0,58874000.0,99158000.0
Tonto NM,2017,40899.0,2338400.0,36.0,1246500.0,2059400.0,3448600.0
Tonto NM,2018,39823.0,2352000.0,34.0,1217000.0,2088000.0,3476000.0
Tonto NM,2019,28852.0,1716000.0,25.0,890000.0,1527000.0,2540000.0
Tonto NM,2020,24755.0,1483000.0,21.0,770000.0,1322000.0,2199000.0
Tonto NM,2021,32334.0,2105000.0,29.0,1132000.0,1887000.0,3245000.0
Tonto NM,2022,31504.0,2080000.0,29.0,1117000.0,1862000.0,3207000.0
Tonto NM,2023,31216.0,2090000.0,28.0,1121000.0,1868000.0,3221000.0
Tonto NM,2024,30840.0,2170000.0,22.0,1112000.0,1985000.0,3227000.0
Tule Lake NM,2023,2731.0,183000.0,2.0,76000.0,117000.0,213000.0
Tule Lake NM,2024,3810.0,268000.0,3.0,99000.0,172000.0,302000.0
Tule Springs Fossil Beds NM,2021,11953.0,778000.0,9.0,386000.0,666000.0,1064000.0
Tule Springs Fossil Beds NM,2022,47674.0,3148000.0,36.0,1560000.0,2690000.0,4306000.0
Tule Springs Fossil Beds NM,2023,60134.0,4027000.0,45.0,1993000.0,3437000.0,5508000.0
Tule Springs Fossil Beds NM,2024,60431.0,4252000.0,39.0,2039000.0,3725000.0,5801000.0
Tumacacori NHP,2017,46309.0,2644700.0,41.0,1094500.0,1858500.0,3300400.0
Tumacacori NHP,2018,40809.0,2408000.0,37.0,951000.0,1702000.0,3055000.0
Tumacacori NHP,2019,39704.0,2361000.0,36.0,934000.0,1672000.0,3000000.0
Tumacacori NHP,2020,23726.0,1421000.0,22.0,563000.0,1008000.0,1807000.0
Tumacacori NHP,2021,33357.0,2170000.0,29.0,970000.0,1612000.0,2847000.0
Tumacacori NHP,2022,38786.0,2561000.0,34.0,1143000.0,1900000.0,3361000.0
Tumacacori NHP,2023,37872.0,2525000.0,33.0,1124000.0,1868000.0,3309000.0
Tumacacori NHP,2024,35256.0,2481000.0,25.0,1047000.0,1890000.0,3193000.0
Tuskegee Airmen NHS,2017,39323.0,2248200.0,36.0,861500.0,1461500.0,2731300.0
Tuskegee Airmen NHS,2018,26830.0,1584000.0,25.0,588000.0,1028000.0,1948000.0
Tuskegee Airmen NHS,2019,30098.0,1790000.0,28.0,666000.0,1164000.0,2204000.0
Tuskegee Airmen NHS,2020,6844.0,410000.0,6.0,153000.0,267000.0,506000.0
Tuskegee Airmen NHS,2021,8057.0,524000.0,8.0,204000.0,340000.0,669000.0
Tuskegee Airmen NHS,2022,16137.0,1065000.0,16.0,414000.0,689000.0,1358000.0
Tuskegee Airmen NHS,2023,22082.0,1081000.0,15.0,436000.0,755000.0,1410000.0
Tuskegee Airmen NHS,2024,28474.0,1421000.0,14.0,507000.0,970000.0,1739000.0
Tuskegee Institute NHS,2017,20407.0,1166700.0,18.0,447400.0,758900.0,1417700.0
Tuskegee Institute NHS,2018,37486.0,2214000.0,35.0,822000.0,1437000.0,2722000.0
Tuskegee Institute NHS,2019,36395.0,2165000.0,34.0,805000.0,1408000.0,2666000.0
Tuskegee Institute NHS,2020,4737.0,284000.0,4.0,106000.0,185000.0,350000.0
Tuskegee Institute NHS,2021,5629.0,367000.0,6.0,143000.0,238000.0,468000.0
Tuskegee Institute NHS,2022,9769.0,645000.0,10.0,251000.0,417000.0,822000.0
Tuskegee Institute NHS,2023,8229.0,552000.0,8.0,214000.0,356000.0,703000.0
Tuskegee Institute NHS,2024,10037.0,706000.0,8.0,255000.0,475000.0,879000.0
Tuzigoot NM,2017,109387.0,6254100.0,92.0,3345600.0,5510900.0,9164400.0
Tuzigoot NM,2018,98089.0,5793000.0,83.0,3008000.0,5145000.0,8505000.0
Tuzigoot NM,2019,98537.0,5861000.0,84.0,3049000.0,5215000.0,8617000.0
Tuzigoot NM,2020,78358.0,4695000.0,67.0,2447000.0,4185000.0,6912000.0
Tuzigoot NM,2021,124406.0,8099000.0,111.0,4354000.0,7242000.0,12393000.0
Tuzigoot NM,2022,116639.0,7702000.0,105.0,4134000.0,6876000.0,11782000.0
Tuzigoot NM,2023,102936.0,6894000.0,93.0,3695000.0,6145000.0,10543000.0
Tuzigoot NM,2024,108283.0,7620000.0,77.0,3867000.0,6884000.0,11125000.0
Ulysses S. Grant NHS,2017,59761.0,3416700.0,56.0,1710800.0,2871800.0,5014400.0
Ulysses S. Grant NHS,2018,43601.0,2575000.0,41.0,1323000.0,2200000.0,3838000.0
Ulysses S. Grant NHS,2019,39449.0,2346000.0,38.0,1208000.0,2009000.0,3502000.0
Ulysses S. Grant NHS,2020,15236.0,913000.0,15.0,471000.0,783000.0,1364000.0
Ulysses S. Grant NHS,2021,27823.0,1811000.0,27.0,981000.0,1592000.0,2845000.0
Ulysses S. Grant NHS,2022,32354.0,2137000.0,32.0,1156000.0,1875000.0,3355000.0
Ulysses S. Grant NHS,2023,33065.0,2214000.0,33.0,1196000.0,1940000.0,3476000.0
Ulysses S. Grant NHS,2024,44732.0,3148000.0,36.0,1565000.0,2773000.0,4692000.0
Upper Delaware S&RR,2017,253536.0,10826600.0,113.0,5410500.0,8630000.0,12810300.0
Upper Delaware S&RR,2018,220965.0,9808000.0,104.0,4707000.0,7919000.0,11815000.0
Upper Delaware S&RR,2019,215537.0,9632000.0,102.0,4633000.0,7794000.0,11623000.0
Upper Delaware S&RR,2020,250198.0,11257000.0,119.0,5426000.0,9129000.0,13606000.0
Upper Delaware S&RR,2021,269810.0,13286000.0,128.0,6869000.0,11135000.0,16802000.0
Upper Delaware S&RR,2022,270718.0,13518000.0,129.0,6981000.0,11315000.0,17098000.0
Upper Delaware S&RR,2023,327266.0,16571000.0,157.0,8546000.0,13853000.0,20963000.0
Upper Delaware S&RR,2024,377061.0,19931000.0,146.0,9473000.0,16538000.0,24211000.0
Valles Caldera NPRES,2020,30435.0,2004000.0,28.0,853000.0,1481000.0,2601000.0
Valles Caldera NPRES,2021,76578.0,5471000.0,73.0,2313000.0,3975000.0,7148000.0
Valles Caldera NPRES,2022,63738.0,4612000.0,61.0,1947000.0,3346000.0,6025000.0
Valles Caldera NPRES,2023,76090.0,5597000.0,73.0,2361000.0,4058000.0,7316000.0
Valles Caldera NPRES,2024,82111.0,6348000.0,63.0,2610000.0,4773000.0,8099000.0
Valley Forge NHP,2017,2159592.0,26818000.0,426.0,14863500.0,24254200.0,39957000.0
Valley Forge NHP,2018,1881362.0,24097000.0,382.0,13704000.0,22205000.0,36581000.0
Valley Forge NHP,2019,2259944.0,29158000.0,462.0,16611000.0,26915000.0,44316000.0
Valley Forge NHP,2020,2012832.0,26145000.0,413.0,14923000.0,24181000.0,39795000.0
Valley Forge NHP,2021,1502209.0,21027000.0,324.0,12879000.0,20156000.0,34655000.0
Valley Forge NHP,2022,1645298.0,23386000.0,357.0,14279000.0,22349000.0,38503000.0
Valley Forge NHP,2023,1880527.0,27158000.0,411.0,16530000.0,25875000.0,44666000.0
Valley Forge NHP,2024,1866480.0,28915000.0,325.0,15881000.0,26550000.0,44774000.0
Vanderbilt Mansion NHS,2017,360436.0,20607400.0,259.0,10492500.0,17511100.0,27155900.0
Vanderbilt Mansion NHS,2018,340870.0,20129000.0,245.0,10294000.0,17303000.0,26692000.0
Vanderbilt Mansion NHS,2019,326823.0,19439000.0,236.0,9959000.0,16740000.0,25812000.0
Vanderbilt Mansion NHS,2020,217231.0,13015000.0,158.0,6680000.0,11228000.0,17305000.0
Vanderbilt Mansion NHS,2021,333029.0,21679000.0,257.0,11973000.0,19216000.0,30636000.0
Vanderbilt Mansion NHS,2022,326012.0,13831000.0,173.0,6322000.0,11081000.0,18031000.0
Vanderbilt Mansion NHS,2023,338436.0,14569000.0,182.0,6646000.0,11649000.0,18988000.0
Vanderbilt Mansion NHS,2024,406077.0,17944000.0,160.0,7146000.0,13869000.0,22552000.0
Vicksburg NMP,2017,475075.0,27161700.0,444.0,11592400.0,19649400.0,36183600.0
Vicksburg NMP,2018,474387.0,28014000.0,452.0,11415000.0,20085000.0,37270000.0
Vicksburg NMP,2019,576455.0,34287000.0,553.0,13996000.0,24627000.0,45678000.0
Vicksburg NMP,2020,176236.0,10559000.0,170.0,4318000.0,7597000.0,14085000.0
Vicksburg NMP,2021,391947.0,25515000.0,382.0,10364000.0,17919000.0,34398000.0
Vicksburg NMP,2022,410487.0,27105000.0,403.0,10993000.0,19007000.0,36538000.0
Vicksburg NMP,2023,342984.0,22970000.0,339.0,9301000.0,16082000.0,30961000.0
Vicksburg NMP,2024,403332.0,28382000.0,323.0,11105000.0,21050000.0,37933000.0
Vietnam Veterans MEM,2017,5072589.0,93918500.0,1250.0,49498700.0,84069900.0,133280400.0
Vietnam Veterans MEM,2018,4719148.0,90278000.0,1173.0,49060000.0,83024000.0,129980000.0
Vietnam Veterans MEM,2019,4580587.0,88280000.0,1145.0,48049000.0,81312000.0,127255000.0
Vietnam Veterans MEM,2020,1585525.0,30790000.0,398.0,16783000.0,28402000.0,44433000.0
Vietnam Veterans MEM,2021,3636033.0,76374000.0,962.0,44234000.0,73203000.0,117113000.0
Vietnam Veterans MEM,2022,4886254.0,104124000.0,1302.0,60204000.0,99632000.0,159605000.0
Vietnam Veterans MEM,2023,5039454.0,108933000.0,1353.0,62876000.0,104055000.0,166912000.0
Vietnam Veterans MEM,2024,5295711.0,121167000.0,1142.0,61970000.0,113038000.0,173543000.0
Virgin Islands NP,2017,304408.0,42473900.0,563.0,21683600.0,38559900.0,61113100.0
Virgin Islands NP,2018,112287.0,16322000.0,188.0,7858000.0,14810000.0,22550000.0
Virgin Islands NP,2019,133398.0,19527000.0,224.0,9420000.0,17757000.0,27012000.0
Virgin Islands NP,2020,167540.0,24126000.0,292.0,11904000.0,22171000.0,34218000.0
Virgin Islands NP,2021,323999.0,49346000.0,565.0,24367000.0,45975000.0,69625000.0
Virgin Islands NP,2022,196752.0,31028000.0,347.0,15075000.0,28661000.0,43520000.0
Virgin Islands NP,2023,343685.0,55201000.0,617.0,27007000.0,51208000.0,77716000.0
Virgin Islands NP,2024,423029.0,75989000.0,657.0,34203000.0,68985000.0,105838000.0
Voyageurs NP,2017,237249.0,18886200.0,273.0,7070100.0,12522100.0,22826700.0
Voyageurs NP,2018,239657.0,19541000.0,283.0,7365000.0,13156000.0,23914000.0
Voyageurs NP,2019,232974.0,19250000.0,278.0,7266000.0,13025000.0,23675000.0
Voyageurs NP,2020,263092.0,21474000.0,310.0,8123000.0,14453000.0,26221000.0
Voyageurs NP,2021,243042.0,21583000.0,299.0,8521000.0,14553000.0,27030000.0
Voyageurs NP,2022,221434.0,20136000.0,278.0,7953000.0,13645000.0,25414000.0
Voyageurs NP,2023,220825.0,20356000.0,279.0,8028000.0,13756000.0,25640000.0
Voyageurs NP,2024,199030.0,19645000.0,193.0,8062000.0,14182000.0,24088000.0
Waco Mammoth NM,2017,101793.0,5819900.0,84.0,2233700.0,3939000.0,6981600.0
Waco Mammoth NM,2018,106932.0,6315000.0,91.0,2566000.0,4507000.0,7905000.0
Waco Mammoth NM,2019,111331.0,6622000.0,95.0,2696000.0,4735000.0,8300000.0
Waco Mammoth NM,2020,46456.0,2783000.0,40.0,1135000.0,1994000.0,3493000.0
Waco Mammoth NM,2021,81338.0,5295000.0,76.0,2460000.0,3841000.0,7064000.0
Waco Mammoth NM,2022,88240.0,5826000.0,83.0,2703000.0,4220000.0,7772000.0
Waco Mammoth NM,2023,98123.0,6572000.0,93.0,3044000.0,4752000.0,8766000.0
Waco Mammoth NM,2024,111961.0,7879000.0,82.0,2966000.0,5559000.0,9681000.0
Walnut Canyon NM,2017,165134.0,9441400.0,134.0,3479000.0,5888300.0,10404400.0
Walnut Canyon NM,2018,167736.0,9905000.0,139.0,3479000.0,6198000.0,11104000.0
Walnut Canyon NM,2019,152332.0,9060000.0,127.0,3188000.0,5680000.0,10170000.0
Walnut Canyon NM,2020,107423.0,6436000.0,90.0,2269000.0,4042000.0,7233000.0
Walnut Canyon NM,2021,212328.0,13822000.0,172.0,5678000.0,9274000.0,16329000.0
Walnut Canyon NM,2022,179396.0,11846000.0,147.0,4859000.0,7936000.0,13996000.0
Walnut Canyon NM,2023,152548.0,10217000.0,126.0,4184000.0,6834000.0,12072000.0
Walnut Canyon NM,2024,187205.0,13173000.0,124.0,5048000.0,9066000.0,15173000.0
War in the Pacific NHP,2017,384611.0,21989600.0,273.0,10532600.0,17956500.0,28697200.0
War in the Pacific NHP,2018,387855.0,22904000.0,257.0,10622000.0,18999000.0,29406000.0
War in the Pacific NHP,2019,432213.0,25708000.0,288.0,11946000.0,21368000.0,33058000.0
War in the Pacific NHP,2020,318711.0,19095000.0,214.0,8962000.0,16030000.0,24789000.0
War in the Pacific NHP,2021,367150.0,23900000.0,247.0,11134000.0,19995000.0,30808000.0
War in the Pacific NHP,2022,380578.0,25130000.0,258.0,11687000.0,20991000.0,32391000.0
War in the Pacific NHP,2023,415533.0,27829000.0,284.0,12922000.0,23209000.0,35869000.0
War in the Pacific NHP,2024,373974.0,26316000.0,217.0,11535000.0,22312000.0,33679000.0
Washington Monument,2017,0.0,0.0,0.0,0.0,0.0,0.0
Washington Monument,2018,0.0,0.0,0.0,0.0,0.0,0.0
Washington Monument,2019,108410.0,2089000.0,27.0,1137000.0,1924000.0,3012000.0
Washington Monument,2020,83585.0,1623000.0,21.0,885000.0,1497000.0,2342000.0
Washington Monument,2021,63840.0,1341000.0,17.0,777000.0,1286000.0,2057000.0
Washington Monument,2022,260317.0,5548000.0,69.0,3208000.0,5308000.0,8503000.0
Washington Monument,2023,248750.0,5377000.0,67.0,3104000.0,5136000.0,8239000.0
Washington Monument,2024,247208.0,5656000.0,53.0,2893000.0,5277000.0,8101000.0
Washita Battlefield NHS,2017,11831.0,676500.0,9.0,220000.0,383900.0,745800.0
Washita Battlefield NHS,2018,13437.0,793000.0,12.0,261000.0,455000.0,890000.0
Washita Battlefield NHS,2019,9119.0,543000.0,8.0,179000.0,312000.0,609000.0
Washita Battlefield NHS,2020,12520.0,750000.0,11.0,248000.0,432000.0,843000.0
Washita Battlefield NHS,2021,15237.0,992000.0,15.0,306000.0,529000.0,1121000.0
Washita Battlefield NHS,2022,12658.0,835000.0,12.0,257000.0,445000.0,945000.0
Washita Battlefield NHS,2023,11906.0,797000.0,12.0,245000.0,424000.0,901000.0
Washita Battlefield NHS,2024,12369.0,870000.0,10.0,266000.0,513000.0,992000.0
Weir Farm NHP,2017,38095.0,2178100.0,24.0,1210100.0,1966000.0,2934600.0
Weir Farm NHP,2018,35383.0,2089000.0,24.0,1136000.0,1928000.0,2858000.0
Weir Farm NHP,2019,38700.0,2302000.0,26.0,1254000.0,2127000.0,3152000.0
Weir Farm NHP,2020,25431.0,1524000.0,17.0,832000.0,1411000.0,2089000.0
Weir Farm NHP,2021,31512.0,2052000.0,22.0,1209000.0,1970000.0,2961000.0
Weir Farm NHP,2022,37977.0,2508000.0,27.0,1475000.0,2404000.0,3619000.0
Weir Farm NHP,2023,36313.0,2432000.0,26.0,1428000.0,2328000.0,3508000.0
Weir Farm NHP,2024,34246.0,2410000.0,20.0,1324000.0,2311000.0,3386000.0
Whiskeytown NRA,2017,832064.0,35252800.0,499.0,13277200.0,21245400.0,38610100.0
Whiskeytown NRA,2018,585768.0,25810000.0,329.0,10020000.0,16142000.0,28018000.0
Whiskeytown NRA,2019,687159.0,30652000.0,391.0,11926000.0,19257000.0,33438000.0
Whiskeytown NRA,2020,805294.0,36169000.0,461.0,14103000.0,22773000.0,39521000.0
Whiskeytown NRA,2021,816608.0,40117000.0,476.0,17351000.0,26936000.0,46941000.0
Whiskeytown NRA,2022,1505134.0,74987000.0,886.0,32393000.0,50290000.0,87778000.0
Whiskeytown NRA,2023,920311.0,46444000.0,545.0,20032000.0,31094000.0,54349000.0
Whiskeytown NRA,2024,812244.0,42755000.0,387.0,16251000.0,28070000.0,47192000.0
White House,2017,439725.0,8141500.0,107.0,4290900.0,7287700.0,11553600.0
White House,2018,485975.0,9297000.0,121.0,5052000.0,8550000.0,13385000.0
White House,2019,454117.0,8752000.0,113.0,4764000.0,8061000.0,12616000.0
White House,2020,114519.0,2224000.0,29.0,1212000.0,2051000.0,3209000.0
White House,2021,14205.0,298000.0,4.0,173000.0,286000.0,458000.0
White House,2022,236380.0,5037000.0,63.0,2912000.0,4820000.0,7721000.0
White House,2023,553665.0,11968000.0,149.0,6908000.0,11432000.0,18338000.0
White House,2024,517030.0,11830000.0,112.0,6050000.0,11036000.0,16944000.0
White Sands NP,2017,612468.0,31709200.0,450.0,10893400.0,19054400.0,35729700.0
White Sands NP,2018,603008.0,32192000.0,443.0,11731000.0,20017000.0,37145000.0
White Sands NP,2019,608786.0,32715000.0,449.0,11949000.0,20390000.0,37809000.0
White Sands NP,2020,415383.0,22487000.0,309.0,8235000.0,14056000.0,26050000.0
White Sands NP,2021,782469.0,46418000.0,630.0,17717000.0,28611000.0,55724000.0
White Sands NP,2022,705127.0,42405000.0,572.0,16168000.0,26111000.0,50919000.0
White Sands NP,2023,729096.0,44451000.0,595.0,16928000.0,27341000.0,53386000.0
White Sands NP,2024,702236.0,62354000.0,625.0,23511000.0,43926000.0,79704000.0
Whitman Mission NHS,2017,47756.0,2730400.0,39.0,968000.0,1785200.0,3081500.0
Whitman Mission NHS,2018,49274.0,2910000.0,37.0,1065000.0,1991000.0,3317000.0
Whitman Mission NHS,2019,48481.0,2884000.0,36.0,1057000.0,1977000.0,3291000.0
Whitman Mission NHS,2020,34932.0,2093000.0,26.0,769000.0,1437000.0,2392000.0
Whitman Mission NHS,2021,43921.0,2860000.0,34.0,1135000.0,2049000.0,3427000.0
Whitman Mission NHS,2022,52000.0,3434000.0,40.0,1361000.0,2457000.0,4116000.0
Whitman Mission NHS,2023,47232.0,3164000.0,37.0,1251000.0,2260000.0,3792000.0
Whitman Mission NHS,2024,61331.0,4316000.0,36.0,1481000.0,3156000.0,4954000.0
William Howard Taft NHS,2017,37425.0,2139700.0,34.0,1042300.0,1726800.0,3021200.0
William Howard Taft NHS,2018,30201.0,1784000.0,27.0,883000.0,1477000.0,2543000.0
William Howard Taft NHS,2019,32395.0,1927000.0,30.0,956000.0,1598000.0,2752000.0
William Howard Taft NHS,2020,11100.0,665000.0,10.0,330000.0,552000.0,951000.0
William Howard Taft NHS,2021,17042.0,1109000.0,16.0,595000.0,944000.0,1687000.0
William Howard Taft NHS,2022,27740.0,1832000.0,27.0,981000.0,1557000.0,2785000.0
William Howard Taft NHS,2023,30757.0,2060000.0,30.0,1101000.0,1748000.0,3132000.0
William Howard Taft NHS,2024,31118.0,2189000.0,24.0,1044000.0,1830000.0,3103000.0
Wilson's Creek NB,2017,206346.0,11797600.0,187.0,4931400.0,8219400.0,15038900.0
Wilson's Creek NB,2018,220276.0,13008000.0,205.0,5392000.0,9020000.0,16670000.0
Wilson's Creek NB,2019,232838.0,13849000.0,218.0,5751000.0,9621000.0,17772000.0
Wilson's Creek NB,2020,287261.0,17211000.0,271.0,7159000.0,11977000.0,22115000.0
Wilson's Creek NB,2021,271245.0,17657000.0,263.0,7663000.0,12520000.0,23912000.0
Wilson's Creek NB,2022,282914.0,18681000.0,276.0,8094000.0,13226000.0,25296000.0
Wilson's Creek NB,2023,316770.0,21214000.0,311.0,9177000.0,14996000.0,28723000.0
Wilson's Creek NB,2024,357805.0,25178000.0,276.0,10727000.0,18896000.0,33389000.0
Wind Cave NP,2017,619924.0,60741200.0,967.0,25036700.0,42686600.0,79630900.0
Wind Cave NP,2018,656398.0,66631000.0,1009.0,28728000.0,48468000.0,88760000.0
Wind Cave NP,2019,615350.0,51037000.0,745.0,22214000.0,38559000.0,69366000.0
Wind Cave NP,2020,448406.0,37468000.0,546.0,16339000.0,28363000.0,50993000.0
Wind Cave NP,2021,709001.0,60708000.0,858.0,26758000.0,47401000.0,86463000.0
Wind Cave NP,2022,607418.0,52696000.0,741.0,23201000.0,41099000.0,75038000.0
Wind Cave NP,2023,592459.0,52011000.0,727.0,22867000.0,40501000.0,74016000.0
Wind Cave NP,2024,489399.0,48637000.0,481.0,19213000.0,37451000.0,63464000.0
Wolf Trap NP for the Performing Arts,2017,424364.0,24262400.0,325.0,12637100.0,21002500.0,33416100.0
Wolf Trap NP for the Performing Arts,2018,365539.0,21586000.0,283.0,11551000.0,19213000.0,30186000.0
Wolf Trap NP for the Performing Arts,2019,402580.0,23945000.0,314.0,12836000.0,21352000.0,33531000.0
Wolf Trap NP for the Performing Arts,2020,30072.0,1802000.0,24.0,968000.0,1609000.0,2526000.0
Wolf Trap NP for the Performing Arts,2021,247862.0,16136000.0,202.0,9163000.0,14965000.0,24033000.0
Wolf Trap NP for the Performing Arts,2022,445497.0,29417000.0,365.0,16679000.0,27241000.0,43803000.0
Wolf Trap NP for the Performing Arts,2023,489008.0,32750000.0,404.0,18539000.0,30280000.0,48754000.0
Wolf Trap NP for the Performing Arts,2024,447863.0,31516000.0,296.0,15680000.0,28389000.0,44039000.0
Women's Rights NHP,2017,61805.0,4386200.0,60.0,2011300.0,3508100.0,5831700.0
Women's Rights NHP,2018,42783.0,3131000.0,40.0,1295000.0,2478000.0,4020000.0
Women's Rights NHP,2019,39064.0,2880000.0,36.0,1193000.0,2283000.0,3701000.0
Women's Rights NHP,2020,8237.0,612000.0,8.0,254000.0,486000.0,787000.0
Women's Rights NHP,2021,22847.0,1831000.0,21.0,816000.0,1495000.0,2432000.0
Women's Rights NHP,2022,34294.0,2788000.0,32.0,1240000.0,2273000.0,3702000.0
Women's Rights NHP,2023,35934.0,2962000.0,34.0,1315000.0,2412000.0,3934000.0
Women's Rights NHP,2024,33691.0,2938000.0,26.0,1287000.0,2459000.0,3844000.0
World War I MEM,2021,573088.0,12037000.0,131.0,6577000.0,10649000.0,16303000.0
World War I MEM,2022,848634.0,18084000.0,196.0,9865000.0,15970000.0,24487000.0
World War I MEM,2023,1092228.0,23610000.0,264.0,12969000.0,21076000.0,32692000.0
World War I MEM,2024,1084897.0,24823000.0,208.0,12053000.0,21856000.0,32506000.0
World War II MEM,2017,4876842.0,90294300.0,1202.0,47588600.0,80825700.0,128137200.0
World War II MEM,2018,4652866.0,89010000.0,1157.0,48371000.0,81858000.0,128155000.0
World War II MEM,2019,4831327.0,93112000.0,1207.0,50679000.0,85763000.0,134221000.0
World War II MEM,2020,1924128.0,37365000.0,483.0,20367000.0,34467000.0,53922000.0
World War II MEM,2021,3727167.0,78288000.0,986.0,45342000.0,75037000.0,120048000.0
World War II MEM,2022,4815309.0,102612000.0,1283.0,59330000.0,98185000.0,157287000.0
World War II MEM,2023,5119541.0,110665000.0,1374.0,63876000.0,105710000.0,169567000.0
World War II MEM,2024,5160769.0,118080000.0,1113.0,60391000.0,110159000.0,169122000.0
Wrangell-St. Elias NP & PRES,2017,68292.0,104859200.0,1366.0,48539200.0,92048500.0,152854500.0
Wrangell-St. Elias NP & PRES,2018,79450.0,120679000.0,1486.0,56512000.0,105764000.0,171530000.0
Wrangell-St. Elias NP & PRES,2019,74518.0,113929000.0,1402.0,53471000.0,100092000.0,162106000.0
Wrangell-St. Elias NP & PRES,2020,16655.0,25629000.0,315.0,12055000.0,22571000.0,36504000.0
Wrangell-St. Elias NP & PRES,2021,50189.0,81772000.0,1152.0,44793000.0,71453000.0,122374000.0
Wrangell-St. Elias NP & PRES,2022,65236.0,107689000.0,1510.0,58942000.0,94051000.0,161154000.0
Wrangell-St. Elias NP & PRES,2023,78305.0,130973000.0,1827.0,71628000.0,114330000.0,195996000.0
Wrangell-St. Elias NP & PRES,2024,81670.0,158974000.0,1486.0,77303000.0,139707000.0,227766000.0
Wright Brothers NMEM,2017,414245.0,23683800.0,367.0,9782800.0,16752300.0,29955000.0
Wright Brothers NMEM,2018,360669.0,21298000.0,319.0,8838000.0,15429000.0,27417000.0
Wright Brothers NMEM,2019,400136.0,23800000.0,356.0,9894000.0,17272000.0,30678000.0
Wright Brothers NMEM,2020,277963.0,16654000.0,249.0,6935000.0,12108000.0,21495000.0
Wright Brothers NMEM,2021,482191.0,31389000.0,461.0,13407000.0,22696000.0,42501000.0
Wright Brothers NMEM,2022,437391.0,28881000.0,421.0,12316000.0,20851000.0,39101000.0
Wright Brothers NMEM,2023,423488.0,28362000.0,411.0,12076000.0,20444000.0,38392000.0
Wright Brothers NMEM,2024,406593.0,28611000.0,311.0,11307000.0,20927000.0,36544000.0
Wupatki NM,2017,236454.0,14893100.0,200.0,5463900.0,9354100.0,16403500.0
Wupatki NM,2018,205122.0,13314000.0,176.0,4657000.0,8384000.0,14922000.0
Wupatki NM,2019,187060.0,12229000.0,162.0,4286000.0,7716000.0,13724000.0
Wupatki NM,2020,146074.0,9617000.0,127.0,3377000.0,6079000.0,10807000.0
Wupatki NM,2021,207445.0,14891000.0,180.0,6033000.0,10013000.0,17527000.0
Wupatki NM,2022,194448.0,14153000.0,170.0,5726000.0,9504000.0,16660000.0
Wupatki NM,2023,215703.0,15920000.0,190.0,6433000.0,10678000.0,18743000.0
Wupatki NM,2024,220205.0,17079000.0,158.0,6581000.0,11872000.0,19738000.0
Yellowstone NP,2017,4116523.0,498822700.0,7354.0,219795600.0,354627400.0,629626000.0
Yellowstone NP,2018,4115001.0,512566000.0,7089.0,223866000.0,375210000.0,647091000.0
Yellowstone NP,2019,4020288.0,506906000.0,7003.0,221794000.0,372399000.0,642052000.0
Yellowstone NP,2020,3806306.0,444226000.0,6110.0,194281000.0,325551000.0,560441000.0
Yellowstone NP,2021,4860242.0,630282000.0,8736.0,294034000.0,456424000.0,834335000.0
Yellowstone NP,2022,3290242.0,452025000.0,6234.0,210832000.0,327536000.0,599600000.0
Yellowstone NP,2023,4501382.0,623274000.0,8561.0,290663000.0,451782000.0,828347000.0
Yellowstone NP,2024,4744353.0,709686000.0,6563.0,322325000.0,544337000.0,903058000.0
Yosemite NP,2017,4336889.0,451782000.0,6666.0,204703400.0,335524600.0,589343700.0
Yosemite NP,2018,4009438.0,495245000.0,6184.0,220522000.0,376018000.0,624129000.0
Yosemite NP,2019,4422862.0,546596000.0,6815.0,243706000.0,415390000.0,688972000.0
Yosemite NP,2020,2268313.0,273842000.0,3410.0,122220000.0,208964000.0,346676000.0
Yosemite NP,2021,3287595.0,437281000.0,5595.0,214391000.0,351323000.0,602564000.0
Yosemite NP,2022,3667550.0,497552000.0,6314.0,243403000.0,398697000.0,683739000.0
Yosemite NP,2023,3897070.0,526566000.0,6664.0,257591000.0,421894000.0,724563000.0
Yosemite NP,2024,4121807.0,628956000.0,6107.0,270610000.0,476262000.0,795492000.0
Yukon-Charley Rivers NPRES,2017,952.0,696500.0,6.0,282200.0,652200.0,1011800.0
Yukon-Charley Rivers NPRES,2018,1272.0,1103000.0,9.0,457000.0,1032000.0,1557000.0
Yukon-Charley Rivers NPRES,2019,1114.0,582000.0,5.0,242000.0,547000.0,823000.0
Yukon-Charley Rivers NPRES,2020,666.0,563000.0,5.0,235000.0,531000.0,797000.0
Yukon-Charley Rivers NPRES,2021,629.0,1770000.0,25.0,973000.0,1578000.0,2680000.0
Yukon-Charley Rivers NPRES,2022,744.0,1074000.0,15.0,589000.0,952000.0,1621000.0
Yukon-Charley Rivers NPRES,2023,1011.0,2238000.0,31.0,1228000.0,1990000.0,3385000.0
Yukon-Charley Rivers NPRES,2024,1700.0,10380000.0,94.0,5032000.0,9224000.0,15037000.0
Zion NP,2017,4504812.0,250884600.0,3192.0,119715900.0,214958500.0,341477500.0
Zion NP,2018,4320032.0,246236000.0,4130.0,95644000.0,168265000.0,327236000.0
Zion NP,2019,4488267.0,258364000.0,4322.0,100555000.0,176967000.0,343855000.0
Zion NP,2020,3591254.0,207909000.0,3464.0,80997000.0,142615000.0,276812000.0
Zion NP,2021,5039835.0,667486000.0,10743.0,275750000.0,486845000.0,947380000.0
Zion NP,2022,4692417.0,672427000.0,10777.0,277900000.0,492714000.0,961270000.0
Zion NP,2023,4623238.0,676040000.0,10782.0,279218000.0,495371000.0,967289000.0
Zion NP,2024,4946592.0,774194000.0,8564.0,282472000.0,556282000.0,1048947000.0
